date,cloud_cover,sunshine,global_radiation,max_temp,mean_temp,min_temp,precipitation,pressure,snow_depth
20160101,6.0,0.0,13.0,11.3,5.6,1.3,2.8,101690.0,0.0
20160102,8.0,0.0,13.0,9.7,6.8,2.2,5.6,99810.0,0.0
20160103,6.0,0.0,13.0,10.9,7.3,4.9,7.2,99180.0,0.0
20160104,4.0,3.2,36.0,10.1,8.3,5.7,0.4,98280.0,0.0
20160105,6.0,2.1,30.0,9.2,7.6,5.1,0.4,98470.0,0.0
20160106,7.0,0.0,13.0,10.8,7.0,4.8,8.6,99420.0,0.0
20160107,5.0,1.7,28.0,9.5,7.8,4.9,1.4,98890.0,0.0
20160108,4.0,2.1,31.0,10.9,5.0,0.5,0.8,99930.0,0.0
20160109,7.0,0.0,14.0,9.1,8.2,5.6,11.0,99040.0,0.0
20160110,4.0,2.9,36.0,7.2,7.2,5.2,12.4,98500.0,0.0
20160111,7.0,0.3,18.0,7.4,6.0,4.8,0.2,98290.0,0.0
20160112,4.0,1.3,27.0,7.1,5.2,3.0,0.6,99770.0,0.0
20160113,6.0,2.1,32.0,5.5,4.6,2.0,3.0,101310.0,0.0
20160114,4.0,1.1,26.0,5.9,3.8,2.0,0.2,100710.0,0.0
20160115,2.0,5.5,52.0,5.2,3.4,0.9,0.0,102020.0,0.0
20160116,3.0,4.7,48.0,4.5,1.8,-1.6,3.6,102880.0,0.0
20160117,8.0,0.0,15.0,5.4,1.7,-1.1,0.2,102550.0,0.0
20160118,6.0,0.0,15.0,5.3,3.2,0.9,0.0,101500.0,0.0
20160119,3.0,5.5,54.0,7.0,1.3,-2.7,0.0,101710.0,0.0
20160120,0.0,6.7,61.0,8.0,1.2,-4.5,0.0,102050.0,0.0
20160121,5.0,1.7,33.0,11.2,2.6,-2.9,0.6,102130.0,0.0
20160122,5.0,0.3,21.0,12.2,6.8,2.3,2.0,101760.0,0.0
20160123,5.0,0.2,20.0,15.3,8.2,4.2,1.0,102880.0,0.0
20160124,8.0,1.4,32.0,13.5,10.6,5.9,0.0,102630.0,0.0
20160125,3.0,2.4,40.0,12.8,11.6,9.6,0.0,102050.0,0.0
20160126,6.0,0.0,17.0,13.3,9.0,5.3,3.8,101650.0,0.0
20160127,8.0,0.0,18.0,11.5,11.3,9.3,2.2,100900.0,0.0
20160128,3.0,6.0,64.0,12.2,6.8,2.0,0.0,102310.0,0.0
20160129,8.0,0.0,18.0,8.1,7.6,3.1,5.6,101740.0,0.0
20160130,6.0,3.5,51.0,13.4,7.7,7.3,0.4,101000.0,0.0
20160131,8.0,0.1,22.0,14.3,8.6,3.9,0.8,100930.0,0.0
20160201,7.0,0.1,22.0,10.1,10.2,6.2,0.0,101500.0,0.0
20160202,4.0,5.3,65.0,9.7,9.0,8.0,0.2,101530.0,0.0
20160203,4.0,1.3,37.0,14.2,5.9,2.1,0.0,102210.0,0.0
20160204,6.0,1.1,35.0,11.5,8.8,3.3,0.2,102510.0,0.0
20160205,8.0,0.0,21.0,12.6,10.2,8.9,1.0,101840.0,0.0
20160206,8.0,0.0,21.0,10.5,10.9,9.2,6.8,99800.0,0.0
20160207,5.0,4.3,63.0,9.6,7.7,4.9,14.4,99200.0,0.0
20160208,7.0,1.3,40.0,8.2,7.8,6.1,1.8,98700.0,0.0
20160209,5.0,3.1,56.0,8.8,5.2,2.3,1.0,98870.0,0.0
20160210,5.0,0.9,37.0,9.0,6.1,3.4,0.0,99690.0,0.0
20160211,3.0,7.5,88.0,7.0,4.0,-1.1,0.2,100390.0,0.0
20160212,6.0,1.1,40.0,5.1,3.7,0.4,0.2,99580.0,0.0
20160213,7.0,0.0,24.0,6.6,3.7,2.3,3.8,98720.0,0.0
20160214,5.0,3.5,64.0,6.9,4.1,1.6,0.0,99700.0,0.0
20160215,2.0,6.7,88.0,7.8,3.5,0.1,0.0,102490.0,0.0
20160216,1.0,8.3,100.0,6.6,2.2,-3.3,0.0,103380.0,0.0
20160217,6.0,0.0,26.0,8.4,3.6,0.5,9.0,101700.0,0.0
20160218,4.0,5.5,83.0,10.5,5.8,3.3,0.2,101420.0,0.0
20160219,4.0,5.7,86.0,12.6,4.6,-1.3,0.2,101580.0,0.0
20160220,7.0,0.2,33.0,14.8,7.8,3.0,2.2,100930.0,0.0
20160221,8.0,0.2,33.0,9.8,12.4,10.0,2.0,101020.0,0.0
20160222,8.0,0.8,43.0,9.1,9.0,8.3,0.2,100930.0,0.0
20160223,4.0,5.7,91.0,8.3,5.6,2.1,0.0,101710.0,0.0
20160224,2.0,7.2,104.0,7.0,3.3,-1.7,0.0,101820.0,0.0
20160225,4.0,4.1,80.0,8.7,2.6,-1.8,0.0,101680.0,0.0
20160226,7.0,3.1,72.0,6.1,4.4,0.2,0.0,101030.0,0.0
20160227,7.0,0.8,47.0,8.3,4.5,2.9,0.0,101080.0,0.0
20160228,6.0,1.8,60.0,9.3,5.4,2.6,0.0,102110.0,0.0
20160229,3.0,7.2,111.0,13.1,4.9,0.5,0.4,102650.0,0.0
20160301,8.0,0.3,44.0,7.6,8.7,4.3,6.4,101140.0,0.0
20160302,6.0,2.4,76.0,9.2,5.6,3.6,3.8,99950.0,0.0
20160303,6.0,6.9,124.0,8.2,6.2,3.1,2.2,100330.0,0.0
20160304,3.0,8.3,138.0,6.7,4.8,1.4,0.0,99160.0,0.0
20160305,4.0,0.1,42.0,6.4,2.9,-0.9,0.6,100010.0,0.0
20160306,5.0,2.5,82.0,7.9,3.5,0.6,0.0,100580.0,0.0
20160307,5.0,6.7,129.0,9.4,4.0,0.1,0.0,100970.0,0.0
20160308,6.0,0.1,44.0,11.0,3.9,-1.6,12.6,101330.0,0.0
20160309,8.0,0.7,58.0,9.4,6.4,1.7,8.6,99650.0,0.0
20160310,7.0,0.1,45.0,11.4,7.4,5.3,0.2,101920.0,0.0
20160311,1.0,6.9,137.0,11.1,5.6,-0.3,0.0,102830.0,0.0
20160312,5.0,4.7,115.0,11.4,6.2,1.2,0.0,103090.0,0.0
20160313,3.0,7.3,144.0,11.7,7.2,3.0,0.0,103450.0,0.0
20160314,4.0,8.6,159.0,9.0,7.6,3.6,0.0,103280.0,0.0
20160315,5.0,1.1,70.0,10.2,5.5,2.0,0.0,103030.0,0.0
20160316,7.0,4.1,114.0,11.9,8.4,6.5,0.0,102960.0,0.0
20160317,0.0,10.2,180.0,7.6,6.8,1.8,0.0,103010.0,0.0
20160318,7.0,0.0,46.0,9.0,4.6,1.5,0.0,102700.0,0.0
20160319,8.0,0.0,46.0,10.9,6.7,4.4,0.0,102640.0,0.0
20160320,7.0,1.4,80.0,12.2,8.0,5.0,0.0,102510.0,0.0
20160321,7.0,0.8,70.0,13.9,9.0,5.7,0.0,102320.0,0.0
20160322,2.0,9.6,183.0,10.4,7.6,1.2,0.0,101810.0,0.0
20160323,8.0,0.0,49.0,11.4,8.3,6.2,0.0,101680.0,0.0
20160324,8.0,0.0,49.0,15.1,8.2,5.0,8.0,101330.0,0.0
20160325,4.0,9.6,189.0,13.9,11.2,7.4,0.0,101350.0,0.0
20160326,7.0,0.0,51.0,11.2,9.8,5.8,4.6,100450.0,0.0
20160327,6.0,4.7,136.0,12.9,8.4,5.5,19.2,99940.0,0.0
20160328,7.0,5.1,142.0,12.7,8.3,3.7,1.4,98850.0,0.0
20160329,4.0,5.7,151.0,12.9,8.6,4.4,5.2,100270.0,0.0
20160330,4.0,8.8,189.0,12.8,8.8,4.6,0.0,100820.0,0.0
20160331,4.0,6.6,165.0,13.1,8.6,4.5,0.0,101560.0,0.0
20160401,3.0,7.1,173.0,14.5,7.0,0.9,0.0,101910.0,0.0
20160402,6.0,7.6,180.0,15.5,11.2,8.0,3.2,101210.0,0.0
20160403,6.0,5.0,149.0,13.2,11.4,7.3,0.6,100520.0,0.0
20160404,7.0,3.2,125.0,15.5,11.0,8.8,0.2,100230.0,0.0
20160405,4.0,8.9,200.0,12.8,11.2,7.0,0.4,100740.0,0.0
20160406,4.0,4.7,149.0,11.9,9.1,5.4,0.6,100750.0,0.0
20160407,6.0,1.5,99.0,14.1,8.1,4.3,6.6,100930.0,0.0
20160408,6.0,2.9,124.0,11.6,9.0,4.0,1.8,101120.0,0.0
20160409,6.0,2.4,117.0,13.3,9.0,6.3,0.0,100340.0,0.0
20160410,3.0,9.4,214.0,14.3,7.0,0.7,1.2,100730.0,0.0
20160411,7.0,1.0,92.0,17.4,11.6,8.8,3.0,100580.0,0.0
20160412,5.0,7.6,195.0,18.6,12.2,7.1,0.0,100670.0,0.0
20160413,3.0,7.9,201.0,16.9,11.2,3.8,0.4,100830.0,0.0
20160414,6.0,5.3,167.0,13.4,12.4,7.8,2.8,100910.0,0.0
20160415,8.0,0.5,82.0,9.5,11.1,8.8,16.4,100070.0,0.0
20160416,6.0,1.4,104.0,12.0,7.1,4.7,0.2,100460.0,0.0
20160417,2.0,9.4,225.0,13.0,6.2,0.3,0.0,101600.0,0.0
20160418,6.0,3.7,147.0,15.9,8.0,3.0,0.0,102230.0,0.0
20160419,4.0,8.4,215.0,14.8,12.4,8.8,0.0,102810.0,0.0
20160420,0.0,13.0,272.0,17.0,9.6,4.5,0.0,102960.0,0.0
20160421,6.0,4.3,160.0,11.3,11.4,5.9,0.0,102380.0,0.0
20160422,8.0,0.0,67.0,11.2,9.7,8.1,5.8,102140.0,0.0
20160423,5.0,7.4,207.0,10.3,7.5,3.8,0.2,102070.0,0.0
20160424,7.0,2.9,140.0,12.1,6.7,3.1,0.0,102010.0,0.0
20160425,8.0,1.5,113.0,10.6,8.8,5.5,0.8,101070.0,0.0
20160426,4.0,8.3,223.0,11.7,6.6,2.6,0.2,100840.0,0.0
20160427,4.0,8.7,229.0,12.6,6.5,1.3,0.0,101230.0,0.0
20160428,4.0,8.2,224.0,12.2,6.4,0.1,1.4,101300.0,0.0
20160429,4.0,7.7,218.0,14.3,8.4,4.7,1.2,101090.0,0.0
20160430,2.0,10.1,251.0,16.5,7.8,1.4,0.2,102160.0,0.0
20160501,3.0,11.1,265.0,18.4,9.2,2.0,0.0,102750.0,0.0
20160502,7.0,1.7,123.0,15.7,14.2,9.9,0.4,102080.0,0.0
20160503,3.0,8.5,234.0,17.4,10.0,4.2,0.0,102560.0,0.0
20160504,0.0,13.7,301.0,20.7,10.6,3.9,0.0,102630.0,0.0
20160505,1.0,13.1,295.0,23.5,13.3,5.9,0.0,101990.0,0.0
20160506,2.0,10.4,262.0,23.9,15.8,8.2,0.0,101070.0,0.0
20160507,6.0,6.3,206.0,26.8,18.4,12.8,0.0,100670.0,0.0
20160508,1.0,13.3,301.0,24.9,20.0,13.3,0.0,100700.0,0.0
20160509,5.0,4.7,183.0,17.2,19.7,14.5,3.6,100800.0,0.0
20160510,8.0,0.0,75.0,18.9,16.2,15.2,27.0,100610.0,0.0
20160511,7.0,1.6,126.0,24.3,16.8,14.7,5.2,100330.0,0.0
20160512,3.0,11.6,284.0,17.7,18.1,11.9,0.0,100240.0,0.0
20160513,6.0,7.7,232.0,14.6,14.4,11.2,0.0,101050.0,0.0
20160514,5.0,7.2,225.0,17.4,11.1,7.6,0.0,102010.0,0.0
20160515,4.0,8.3,242.0,18.1,11.3,5.2,0.0,102220.0,0.0
20160516,2.0,11.5,286.0,17.8,13.4,8.6,0.0,102080.0,0.0
20160517,5.0,4.5,185.0,14.2,12.8,7.9,0.0,101620.0,0.0
20160518,8.0,0.0,78.0,19.0,12.8,11.3,7.4,100500.0,0.0
20160519,8.0,1.3,123.0,19.2,14.4,9.9,0.0,101140.0,0.0
20160520,7.0,2.9,158.0,18.3,16.2,13.1,0.0,101420.0,0.0
20160521,8.0,0.3,95.0,18.8,15.4,12.6,0.2,100880.0,0.0
20160522,6.0,5.4,203.0,19.7,14.9,11.0,3.2,100790.0,0.0
20160523,4.0,8.9,256.0,17.2,14.6,9.5,1.0,101770.0,0.0
20160524,2.0,9.7,268.0,14.7,12.4,7.5,0.0,102130.0,0.0
20160525,8.0,0.0,81.0,21.2,11.8,9.0,0.0,101780.0,0.0
20160526,4.0,10.5,280.0,22.2,14.4,7.7,0.0,101610.0,0.0
20160527,5.0,7.3,235.0,21.0,16.6,11.0,0.0,101670.0,0.0
20160528,3.0,6.6,225.0,19.2,15.6,10.3,0.0,101520.0,0.0
20160529,5.0,4.6,192.0,18.0,14.2,9.3,0.0,101360.0,0.0
20160530,8.0,0.0,82.0,12.9,14.6,11.3,0.2,101580.0,0.0
20160531,8.0,0.0,82.0,13.8,12.2,11.5,12.2,101650.0,0.0
20160601,8.0,0.0,79.0,13.7,12.6,11.3,0.0,102140.0,0.0
20160602,8.0,0.1,88.0,14.5,12.0,10.2,0.0,102080.0,0.0
20160603,8.0,0.0,80.0,19.2,11.8,9.0,0.0,101770.0,0.0
20160604,7.0,0.0,80.0,24.2,14.6,9.9,0.0,101740.0,0.0
20160605,3.0,9.1,265.0,25.0,18.0,11.7,0.0,102060.0,0.0
20160606,0.0,13.4,,24.4,18.4,11.8,0.0,102160.0,0.0
20160607,4.0,4.3,191.0,25.9,18.6,12.7,11.8,102270.0,0.0
20160608,6.0,4.2,190.0,23.2,20.6,15.2,1.4,102370.0,0.0
20160609,4.0,8.3,255.0,24.0,18.2,13.2,0.0,102140.0,0.0
20160610,7.0,3.1,169.0,22.5,18.8,13.6,0.0,101360.0,0.0
20160611,7.0,1.2,127.0,21.5,19.4,16.2,0.2,101060.0,0.0
20160612,7.0,1.1,124.0,19.2,17.7,13.9,5.0,100690.0,0.0
20160613,7.0,0.7,113.0,19.1,16.5,13.8,3.4,100220.0,0.0
20160614,8.0,0.7,113.0,20.5,16.2,13.4,3.0,99660.0,0.0
20160615,6.0,6.8,234.0,18.0,16.2,11.9,3.4,99680.0,0.0
20160616,8.0,0.2,95.0,20.3,15.2,12.5,14.2,100050.0,0.0
20160617,7.0,2.1,149.0,17.7,16.6,12.8,3.0,100750.0,0.0
20160618,7.0,0.5,107.0,20.2,14.8,12.0,0.0,101950.0,0.0
20160619,6.0,5.4,211.0,22.7,15.8,11.5,9.4,102270.0,0.0
20160620,6.0,4.2,191.0,21.7,18.9,15.1,3.6,101370.0,0.0
20160621,7.0,5.7,216.0,22.5,17.8,14.0,0.0,101700.0,0.0
20160622,8.0,1.1,125.0,21.1,18.5,14.5,21.8,101880.0,0.0
20160623,8.0,0.0,81.0,22.6,18.7,16.3,5.6,101590.0,0.0
20160624,4.0,8.3,256.0,20.3,17.0,11.3,0.0,101780.0,0.0
20160625,5.0,7.0,236.0,21.2,16.0,11.8,1.4,101690.0,0.0
20160626,7.0,0.0,81.0,21.7,16.6,11.9,1.2,101770.0,0.0
20160627,7.0,3.3,173.0,21.4,18.0,14.3,0.0,101750.0,0.0
20160628,6.0,7.3,240.0,17.2,16.1,10.8,2.0,101390.0,0.0
20160629,7.0,1.7,139.0,20.5,14.0,10.9,2.2,100880.0,0.0
20160630,8.0,1.9,144.0,19.9,16.9,13.3,0.8,100900.0,0.0
20160701,6.0,2.8,163.0,20.6,17.1,14.3,1.2,100880.0,0.0
20160702,3.0,10.1,279.0,21.6,15.6,10.5,0.2,101360.0,0.0
20160703,3.0,7.7,245.0,21.3,15.9,10.2,0.0,101850.0,0.0
20160704,4.0,5.2,206.0,21.6,16.2,11.0,0.0,101860.0,0.0
20160705,6.0,5.9,217.0,22.6,18.2,14.7,0.0,101780.0,0.0
20160706,5.0,8.6,257.0,23.6,16.6,10.5,0.0,102260.0,0.0
20160707,7.0,6.6,227.0,23.1,19.0,14.5,0.0,101940.0,0.0
20160708,6.0,2.5,155.0,23.2,19.0,14.9,0.0,101640.0,0.0
20160709,7.0,1.8,140.0,23.5,19.1,15.0,0.0,101720.0,0.0
20160710,6.0,5.3,206.0,22.0,20.3,17.1,0.2,100880.0,0.0
20160711,6.0,2.1,146.0,19.2,18.7,15.4,1.0,100790.0,0.0
20160712,6.0,6.1,217.0,20.0,15.8,12.4,5.4,101230.0,0.0
20160713,8.0,4.0,182.0,22.0,16.2,12.4,2.0,101820.0,0.0
20160714,4.0,8.9,258.0,21.1,16.7,11.4,0.0,102400.0,0.0
20160715,6.0,3.0,163.0,27.0,15.9,10.7,0.0,102630.0,0.0
20160716,7.0,4.5,190.0,27.6,21.6,16.3,0.0,102460.0,0.0
20160717,5.0,6.0,213.0,29.4,22.6,17.7,0.0,102230.0,0.0
20160718,0.0,14.4,38.0,33.2,22.5,15.6,0.0,102150.0,0.0
20160719,0.0,14.4,37.0,31.4,24.8,16.5,0.0,101670.0,0.0
20160720,3.0,10.6,276.0,25.5,26.8,22.3,0.0,100960.0,0.0
20160721,5.0,4.8,192.0,23.9,19.8,14.0,0.4,101610.0,0.0
20160722,7.0,0.7,106.0,28.6,20.6,17.2,0.6,101850.0,0.0
20160723,2.0,11.9,290.0,25.8,21.8,14.9,0.0,101980.0,0.0
20160724,6.0,4.9,192.0,24.7,20.2,14.7,0.2,101890.0,0.0
20160725,5.0,9.2,254.0,23.1,19.4,14.0,0.0,101940.0,0.0
20160726,4.0,6.2,211.0,25.6,18.1,13.1,3.2,102080.0,0.0
20160727,8.0,2.6,149.0,23.1,21.2,16.9,0.0,101550.0,0.0
20160728,6.0,4.8,187.0,23.5,18.9,14.7,1.2,101400.0,0.0
20160729,8.0,1.3,119.0,22.4,19.8,16.2,0.4,101110.0,0.0
20160730,7.0,1.3,119.0,22.4,19.2,16.0,0.0,101360.0,0.0
20160731,6.0,4.6,182.0,19.2,18.0,13.7,0.0,101700.0,0.0
20160801,7.0,0.0,72.0,21.9,15.6,12.1,13.0,101840.0,0.0
20160802,8.0,0.0,71.0,24.7,18.0,14.1,0.2,101000.0,0.0
20160803,6.0,4.7,181.0,23.5,21.5,18.3,0.0,100770.0,0.0
20160804,6.0,2.0,132.0,24.1,19.3,15.1,0.0,100980.0,0.0
20160805,3.0,6.5,207.0,26.4,18.4,12.8,0.0,101970.0,0.0
20160806,1.0,13.4,293.0,27.3,19.6,12.7,0.0,102640.0,0.0
20160807,4.0,8.9,238.0,22.3,22.2,17.0,0.0,102340.0,0.0
20160808,5.0,7.2,214.0,20.8,18.2,14.1,0.0,102180.0,0.0
20160809,3.0,7.2,213.0,20.4,15.6,10.4,0.0,102510.0,0.0
20160810,6.0,3.5,156.0,24.5,15.6,10.7,0.0,102490.0,0.0
20160811,6.0,4.9,177.0,27.7,19.7,14.9,0.0,102220.0,0.0
20160812,1.0,12.3,273.0,25.8,20.8,13.8,0.0,102340.0,0.0
20160813,5.0,6.4,197.0,22.9,20.2,14.5,0.0,102260.0,0.0
20160814,5.0,4.4,167.0,24.7,19.6,16.2,0.0,102530.0,0.0
20160815,0.0,13.2,278.0,25.0,18.6,12.4,0.0,102440.0,0.0
20160816,1.0,12.4,268.0,26.7,18.6,12.2,0.0,101920.0,0.0
20160817,1.0,12.2,264.0,25.5,20.0,13.3,0.0,101330.0,0.0
20160818,7.0,3.8,153.0,19.2,20.6,15.7,0.2,101030.0,0.0
20160819,6.0,1.0,99.0,21.9,18.1,17.0,2.0,100660.0,0.0
20160820,6.0,1.9,118.0,23.5,18.1,14.3,0.6,100660.0,0.0
20160821,7.0,4.8,166.0,26.0,19.1,14.7,0.8,101620.0,0.0
20160822,6.0,3.5,144.0,31.0,21.0,16.0,0.0,102310.0,0.0
20160823,0.0,12.8,261.0,33.1,22.0,12.9,0.0,102220.0,0.0
20160824,3.0,9.2,219.0,27.6,25.5,17.9,2.6,101770.0,0.0
20160825,6.0,5.2,167.0,27.0,23.2,18.8,0.0,101510.0,0.0
20160826,2.0,12.1,249.0,26.5,22.4,17.7,0.0,101770.0,0.0
20160827,5.0,2.2,117.0,21.5,21.2,15.9,0.0,101560.0,0.0
20160828,6.0,2.3,118.0,24.3,19.0,16.6,2.2,101320.0,0.0
20160829,4.0,6.3,176.0,27.0,19.8,15.4,0.0,102170.0,0.0
20160830,0.0,12.2,243.0,24.8,20.0,13.0,0.0,102410.0,0.0
20160831,3.0,4.9,155.0,24.8,18.8,12.7,0.0,102070.0,0.0
20160901,2.0,9.9,206.0,20.2,19.0,13.2,0.0,102280.0,0.0
20160902,7.0,0.0,55.0,21.5,17.0,13.9,0.2,101900.0,0.0
20160903,5.0,4.0,134.0,20.9,16.8,12.1,4.8,101550.0,0.0
20160904,7.0,1.1,86.0,22.9,18.2,15.5,3.0,101280.0,0.0
20160905,8.0,0.0,53.0,23.9,18.4,13.8,0.2,101930.0,0.0
20160906,8.0,0.2,62.0,28.4,19.8,15.6,0.0,102330.0,0.0
20160907,5.0,6.1,155.0,23.9,23.3,18.2,0.0,101760.0,0.0
20160908,2.0,8.5,180.0,24.3,19.4,15.0,0.0,101160.0,0.0
20160909,6.0,3.5,120.0,19.3,19.8,15.2,0.4,101480.0,0.0
20160910,7.0,0.0,50.0,22.0,18.6,17.9,3.2,101280.0,0.0
20160911,0.0,11.9,208.0,25.8,15.4,8.7,0.0,101680.0,0.0
20160912,6.0,3.0,110.0,32.8,18.2,10.6,0.0,101310.0,0.0
20160913,1.0,10.0,187.0,27.8,24.4,16.0,0.0,100930.0,0.0
20160914,0.0,11.0,194.0,29.4,23.6,19.4,0.0,101030.0,0.0
20160915,2.0,7.2,155.0,17.8,22.6,15.7,19.8,100980.0,0.0
20160916,7.0,0.3,59.0,16.3,16.8,15.9,2.2,101270.0,0.0
20160917,8.0,0.0,46.0,20.6,14.6,12.8,0.0,102030.0,0.0
20160918,8.0,0.8,69.0,19.6,17.0,13.4,0.0,102140.0,0.0
20160919,8.0,0.6,64.0,19.0,16.3,13.0,1.8,102170.0,0.0
20160920,8.0,0.0,44.0,22.1,16.6,14.3,0.0,102020.0,0.0
20160921,6.0,4.8,121.0,20.8,18.5,14.9,0.0,101810.0,0.0
20160922,6.0,2.5,92.0,20.7,17.6,14.3,0.0,101920.0,0.0
20160923,2.0,9.7,166.0,23.2,14.8,8.9,0.0,102410.0,0.0
20160924,3.0,4.9,118.0,21.0,16.5,9.8,1.6,101700.0,0.0
20160925,3.0,6.4,132.0,18.7,18.0,15.1,0.0,101470.0,0.0
20160926,5.0,0.8,62.0,19.6,14.2,9.6,0.8,102200.0,0.0
20160927,6.0,0.2,48.0,23.2,14.4,9.1,0.0,102250.0,0.0
20160928,5.0,4.1,104.0,20.3,17.6,12.1,1.2,102370.0,0.0
20160929,6.0,3.8,100.0,19.7,17.7,15.1,0.4,101510.0,0.0
20160930,5.0,6.8,128.0,16.1,15.4,11.2,2.6,101230.0,0.0
20161001,6.0,2.2,78.0,17.6,12.6,9.2,3.2,100650.0,0.0
20161002,4.0,7.0,127.0,18.5,13.3,9.0,0.0,101680.0,0.0
20161003,0.0,10.3,152.0,19.0,12.0,5.4,0.0,102870.0,0.0
20161004,1.0,9.1,141.0,17.7,14.4,9.8,0.0,103000.0,0.0
20161005,1.0,10.2,148.0,16.2,14.5,11.3,0.0,102950.0,0.0
20161006,6.0,2.3,75.0,15.5,12.5,8.8,0.0,102540.0,0.0
20161007,8.0,0.0,35.0,17.0,13.4,11.3,0.0,102250.0,0.0
20161008,8.0,0.5,47.0,16.0,14.5,12.0,0.0,102600.0,0.0
20161009,5.0,5.3,101.0,14.4,12.3,8.6,0.2,102800.0,0.0
20161010,2.0,7.1,115.0,16.8,10.1,5.8,0.0,102620.0,0.0
20161011,3.0,6.3,107.0,16.0,10.8,4.9,2.0,102290.0,0.0
20161012,7.0,3.3,79.0,13.8,12.6,9.1,3.2,102020.0,0.0
20161013,7.0,2.8,73.0,15.2,11.1,8.4,0.0,101290.0,0.0
20161014,8.0,0.8,48.0,18.2,12.1,9.0,0.0,100620.0,0.0
20161015,5.0,2.2,65.0,18.4,13.4,8.7,7.8,100670.0,0.0
20161016,4.0,3.4,76.0,17.7,12.8,7.3,2.8,101210.0,0.0
20161017,4.0,4.7,86.0,14.4,13.7,9.7,1.8,101820.0,0.0
20161018,3.0,3.7,76.0,13.5,11.8,9.1,0.0,101980.0,0.0
20161019,7.0,1.5,53.0,14.9,11.2,9.0,0.0,102130.0,0.0
20161020,6.0,1.8,56.0,13.6,11.6,8.2,0.0,102120.0,0.0
20161021,6.0,1.1,47.0,14.6,10.4,7.3,0.0,102010.0,0.0
20161022,5.0,1.8,54.0,13.8,9.8,5.0,0.0,101650.0,0.0
20161023,5.0,4.7,79.0,13.3,10.0,6.2,0.0,101180.0,0.0
20161024,8.0,0.0,26.0,14.1,11.4,9.5,0.2,101310.0,0.0
20161025,8.0,0.3,33.0,16.5,11.8,9.6,0.2,102270.0,0.0
20161026,6.0,2.1,54.0,16.5,13.0,9.4,0.0,102840.0,0.0
20161027,6.0,2.8,59.0,17.2,12.2,7.8,0.0,103190.0,0.0
20161028,6.0,3.3,62.0,15.3,13.5,9.8,0.0,103390.0,0.0
20161029,7.0,0.0,24.0,12.1,13.8,12.2,0.0,103450.0,0.0
20161030,7.0,0.0,23.0,20.0,10.0,8.0,0.2,103060.0,0.0
20161031,4.0,5.0,72.0,12.6,14.4,8.7,0.0,102700.0,0.0
20161101,6.0,0.0,22.0,11.2,9.4,6.3,0.0,102430.0,0.0
20161102,1.0,7.5,85.0,12.2,7.2,3.3,0.0,102500.0,0.0
20161103,5.0,3.7,60.0,11.5,6.9,1.6,0.6,102130.0,0.0
20161104,7.0,0.0,21.0,9.5,7.6,3.8,5.6,100980.0,0.0
20161105,4.0,1.0,36.0,7.9,5.6,1.8,0.0,100610.0,0.0
20161106,3.0,4.9,65.0,8.3,4.8,1.6,1.6,100660.0,0.0
20161107,4.0,2.8,50.0,6.6,6.1,3.9,0.0,101190.0,0.0
20161108,5.0,1.8,41.0,9.5,2.8,-0.9,22.8,101000.0,0.0
20161109,7.0,1.4,37.0,11.4,5.6,1.7,0.4,100020.0,0.0
20161110,6.0,1.5,38.0,11.5,7.3,3.2,1.0,100750.0,0.0
20161111,2.0,6.5,70.0,10.6,7.2,2.8,3.8,102080.0,0.0
20161112,8.0,0.0,19.0,11.4,6.6,2.7,5.2,101690.0,0.0
20161113,2.0,6.3,67.0,13.8,8.4,5.4,0.0,102680.0,0.0
20161114,8.0,0.0,18.0,16.0,9.4,5.0,0.2,102960.0,0.0
20161115,8.0,0.1,20.0,14.4,12.2,8.5,0.2,102540.0,0.0
20161116,6.0,4.2,53.0,13.9,13.0,11.5,4.8,101550.0,0.0
20161117,7.0,1.2,32.0,8.6,10.4,7.0,0.8,100070.0,0.0
20161118,4.0,2.8,43.0,9.0,5.8,3.1,0.0,99580.0,0.0
20161119,5.0,3.0,43.0,7.9,5.2,1.3,18.2,100030.0,0.0
20161120,8.0,0.0,16.0,12.4,6.0,4.0,10.2,98710.0,0.0
20161121,7.0,0.1,19.0,12.5,8.8,5.3,10.8,98910.0,0.0
20161122,7.0,1.5,32.0,10.3,10.2,7.9,0.0,99950.0,0.0
20161123,8.0,0.1,18.0,10.5,7.2,4.0,0.0,101710.0,0.0
20161124,7.0,0.0,15.0,11.0,8.6,6.7,0.0,102290.0,0.0
20161125,0.0,6.0,56.0,9.4,8.2,5.4,0.0,102200.0,0.0
20161126,4.0,2.7,38.0,8.6,6.1,2.8,0.2,102110.0,0.0
20161127,7.0,0.2,19.0,8.9,6.2,3.8,0.0,102500.0,0.0
20161128,3.0,6.1,55.0,7.2,7.4,5.8,0.0,103000.0,0.0
20161129,0.0,6.1,54.0,6.8,3.2,-0.9,0.0,103410.0,0.0
20161130,0.0,5.9,53.0,8.1,1.1,-4.6,0.0,103480.0,0.0
20161201,1.0,5.6,48.0,8.0,2.6,-2.9,0.0,103100.0,0.0
20161202,8.0,0.0,13.0,9.5,3.4,-1.3,0.2,102690.0,0.0
20161203,5.0,2.7,34.0,8.2,7.5,5.5,0.0,102550.0,0.0
20161204,0.0,5.9,48.0,8.2,4.4,0.6,0.0,102400.0,0.0
20161205,0.0,3.9,39.0,11.2,3.4,-1.4,0.0,102450.0,0.0
20161206,8.0,0.0,13.0,13.2,6.2,1.1,0.0,102710.0,0.0
20161207,8.0,0.3,17.0,13.4,9.2,5.2,0.0,102630.0,0.0
20161208,8.0,0.0,13.0,14.9,11.2,9.1,0.0,102560.0,0.0
20161209,6.0,1.7,27.0,13.6,13.1,11.3,0.0,102550.0,0.0
20161210,8.0,0.0,12.0,10.3,12.0,10.4,4.4,102090.0,0.0
20161211,2.0,4.7,41.0,11.4,6.9,3.5,0.2,102470.0,0.0
20161212,8.0,0.0,12.0,13.3,6.7,2.0,0.8,102250.0,0.0
20161213,8.0,0.1,14.0,13.9,10.1,6.9,0.2,102000.0,0.0
20161214,2.0,3.9,37.0,11.5,10.1,6.3,0.0,101980.0,0.0
20161215,7.0,0.0,12.0,10.5,8.0,4.5,0.0,101900.0,0.0
20161216,8.0,0.0,12.0,7.9,9.0,7.4,0.0,102490.0,0.0
20161217,9.0,0.0,12.0,7.5,5.8,3.8,0.0,103760.0,0.0
20161218,8.0,0.0,12.0,7.0,6.8,6.0,0.0,103620.0,0.0
20161219,8.0,0.0,12.0,9.8,5.8,4.5,0.8,102740.0,0.0
20161220,5.0,3.6,36.0,12.1,6.7,3.6,0.0,102120.0,0.0
20161221,8.0,0.0,12.0,10.7,8.0,4.0,0.4,101940.0,0.0
20161222,1.0,3.9,37.0,11.5,6.7,2.7,0.0,102740.0,0.0
20161223,6.0,0.0,12.0,11.5,7.3,3.1,1.4,102600.0,0.0
20161224,4.0,0.0,12.0,13.5,8.2,5.0,0.0,102620.0,0.0
20161225,8.0,0.0,12.0,8.6,10.2,6.8,1.0,102350.0,0.0
20161226,3.0,4.5,40.0,6.8,7.0,5.4,0.0,103160.0,0.0
20161227,1.0,4.2,39.0,8.1,2.8,-1.1,0.0,104380.0,0.0
20161228,2.0,4.7,41.0,9.5,3.0,-2.2,0.2,104260.0,0.0
20161229,0.0,5.4,45.0,4.8,3.0,-3.5,0.4,103740.0,0.0
20161230,9.0,0.0,13.0,8.9,1.8,-1.1,0.0,103660.0,0.0
20161231,8.0,0.0,13.0,10.1,4.6,0.4,0.4,103090.0,0.0
20170101,8.0,0.0,13.0,5.5,7.5,4.8,6.4,101860.0,0.0
20170102,1.0,5.0,44.0,5.8,3.6,1.8,0.0,102850.0,0.0
20170103,3.0,2.5,32.0,8.6,1.4,-2.9,0.2,102820.0,0.0
20170104,5.0,0.0,13.0,6.2,3.9,-0.9,0.0,102570.0,0.0
20170105,1.0,5.3,46.0,8.3,1.9,-2.3,0.0,103440.0,0.0
20170106,7.0,2.0,30.0,10.8,2.5,-3.2,6.4,103620.0,0.0
20170107,8.0,0.0,13.0,9.8,6.2,1.5,0.0,103210.0,0.0
20170108,8.0,0.0,13.0,9.9,8.7,7.5,1.4,103210.0,0.0
20170109,7.0,0.0,14.0,10.1,8.7,7.5,3.0,101930.0,0.0
20170110,5.0,1.4,27.0,11.2,6.1,2.1,0.0,101120.0,0.0
20170111,6.0,1.0,24.0,6.8,8.3,5.4,0.0,101120.0,0.0
20170112,8.0,0.0,14.0,6.5,5.8,4.9,15.6,100500.0,0.0
20170113,4.0,1.5,29.0,5.0,3.5,0.5,0.2,100930.0,0.0
20170114,4.0,0.7,23.0,9.0,2.2,-0.5,3.4,102030.0,0.0
20170115,7.0,0.0,15.0,5.1,5.0,1.0,5.8,102280.0,0.0
20170116,8.0,0.0,15.0,6.6,4.8,4.4,2.2,102770.0,0.0
20170117,3.0,5.9,55.0,6.0,3.3,0.0,0.0,103590.0,0.0
20170118,2.0,6.1,56.0,7.1,1.4,-3.3,0.0,103880.0,0.0
20170119,1.0,4.7,50.0,7.3,2.0,-3.0,0.0,103720.0,0.0
20170120,0.0,6.3,59.0,4.9,3.0,-1.2,0.0,103350.0,0.0
20170121,0.0,6.2,59.0,6.8,1.9,-1.1,0.0,102810.0,0.0
20170122,0.0,6.2,60.0,4.6,1.1,-4.5,0.0,102720.0,0.0
20170123,7.0,0.4,23.0,9.5,0.2,-4.2,0.2,102840.0,0.0
20170124,1.0,6.3,62.0,3.7,3.8,-2.0,0.0,102820.0,0.0
20170125,8.0,0.0,17.0,1.5,0.9,-1.9,0.2,102770.0,0.0
20170126,6.0,0.0,17.0,8.4,0.3,-0.9,0.0,102010.0,0.0
20170127,6.0,0.6,26.0,10.7,3.0,-2.4,0.0,101070.0,0.0
20170128,6.0,2.4,42.0,10.0,6.1,1.5,1.0,101010.0,0.0
20170129,6.0,0.0,18.0,8.6,5.9,1.8,10.4,101170.0,0.0
20170130,8.0,0.0,19.0,10.6,6.7,4.7,1.0,101090.0,0.0
20170131,8.0,0.0,19.0,11.9,8.1,5.5,2.8,101290.0,0.0
20170201,8.0,0.1,22.0,11.4,8.8,5.7,1.6,100660.0,0.0
20170202,8.0,0.0,20.0,10.8,10.2,9.1,1.8,99720.0,0.0
20170203,7.0,2.0,43.0,10.0,8.7,6.5,2.4,99480.0,0.0
20170204,4.0,2.8,50.0,5.6,6.0,1.9,0.6,99730.0,0.0
20170205,7.0,0.0,21.0,7.5,4.2,2.7,0.0,100360.0,0.0
20170206,5.0,1.8,43.0,10.8,3.5,-0.5,7.4,101730.0,0.0
20170207,7.0,4.8,66.0,5.2,5.8,0.8,0.0,101430.0,0.0
20170208,8.0,0.0,22.0,2.7,4.4,3.6,0.0,102620.0,0.0
20170209,8.0,0.0,22.0,2.3,2.4,2.0,0.4,102780.0,0.0
20170210,8.0,0.0,23.0,2.7,1.8,1.3,1.0,102400.0,0.0
20170211,8.0,0.0,23.0,6.1,1.6,0.6,0.8,102260.0,0.0
20170212,8.0,0.0,24.0,10.5,3.4,0.7,0.0,102240.0,0.0
20170213,2.0,7.6,91.0,12.9,6.2,1.9,0.0,102180.0,0.0
20170214,5.0,1.3,44.0,11.8,7.6,2.3,0.0,102320.0,0.0
20170215,7.0,0.1,28.0,12.3,8.0,4.1,1.4,102780.0,0.0
20170216,6.0,2.5,57.0,13.5,8.6,4.8,0.2,102960.0,0.0
20170217,5.0,4.1,72.0,12.9,10.3,7.1,0.0,102790.0,0.0
20170218,5.0,3.0,63.0,12.9,9.2,5.6,0.0,102530.0,0.0
20170219,6.0,0.9,43.0,18.1,8.0,3.1,0.0,102250.0,0.0
20170220,6.0,2.2,58.0,13.6,13.0,7.9,1.6,101890.0,0.0
20170221,8.0,0.0,28.0,14.0,11.7,9.8,0.0,101610.0,0.0
20170222,8.0,0.0,28.0,11.2,12.3,10.6,2.2,100850.0,0.0
20170223,7.0,3.3,71.0,9.8,10.0,8.8,0.0,99840.0,0.0
20170224,2.0,5.6,92.0,10.7,6.2,2.7,0.0,101610.0,0.0
20170225,8.0,0.0,30.0,12.7,7.8,4.8,1.4,101370.0,0.0
20170226,8.0,0.3,38.0,9.0,10.4,8.2,7.4,100590.0,0.0
20170227,7.0,0.8,47.0,8.0,8.2,7.4,6.6,99020.0,0.0
20170228,4.0,4.6,88.0,9.3,4.4,0.8,1.4,98870.0,0.0
20170301,7.0,0.1,39.0,11.7,6.2,3.2,0.6,99830.0,0.0
20170302,3.0,6.9,121.0,11.5,8.3,4.9,1.0,100830.0,0.0
20170303,7.0,0.0,36.0,12.3,8.2,4.8,5.0,99890.0,0.0
20170304,6.0,4.1,97.0,11.2,9.6,6.8,1.6,98940.0,0.0
20170305,7.0,2.3,77.0,10.7,8.3,5.4,3.2,99140.0,0.0
20170306,5.0,5.1,110.0,12.1,6.6,2.5,0.0,100450.0,0.0
20170307,7.0,5.7,117.0,14.9,8.1,4.1,2.2,101650.0,0.0
20170308,8.0,0.4,51.0,16.9,10.5,6.1,0.6,101270.0,0.0
20170309,6.0,7.8,141.0,12.6,12.8,8.8,0.0,102050.0,0.0
20170310,8.0,0.0,40.0,17.3,9.4,6.2,0.0,102520.0,0.0
20170311,7.0,2.4,85.0,12.2,12.9,8.6,0.0,101820.0,0.0
20170312,8.0,0.0,41.0,15.5,10.8,9.4,3.2,101510.0,0.0
20170313,2.0,8.9,158.0,14.8,10.7,5.9,0.0,102850.0,0.0
20170314,6.0,0.7,61.0,18.1,10.9,7.1,0.0,103240.0,0.0
20170315,3.0,8.3,156.0,12.5,13.0,7.9,0.0,103250.0,0.0
20170316,5.0,0.0,44.0,12.1,9.1,5.7,0.0,102320.0,0.0
20170317,6.0,3.0,100.0,14.7,8.1,4.1,0.4,101740.0,0.0
20170318,8.0,0.1,50.0,16.1,10.8,7.0,0.0,101040.0,0.0
20170319,8.0,0.5,61.0,12.8,13.8,11.6,0.8,100920.0,0.0
20170320,6.0,0.6,64.0,12.6,11.7,10.6,1.2,100460.0,0.0
20170321,3.0,7.7,160.0,11.3,8.2,3.7,0.6,100900.0,0.0
20170322,6.0,3.1,107.0,11.7,7.9,4.5,5.2,100650.0,0.0
20170323,6.0,1.8,89.0,13.5,8.5,5.3,0.0,101520.0,0.0
20170324,5.0,4.3,125.0,15.4,10.1,6.7,0.0,102800.0,0.0
20170325,0.0,11.5,206.0,16.2,9.9,4.4,0.0,102920.0,0.0
20170326,2.0,8.0,172.0,16.2,10.8,5.3,0.0,102420.0,0.0
20170327,3.0,8.0,174.0,17.5,11.2,6.3,0.0,102200.0,0.0
20170328,6.0,6.0,152.0,15.2,11.3,5.1,0.0,102010.0,0.0
20170329,7.0,0.1,57.0,21.7,13.1,10.9,0.0,102170.0,0.0
20170330,4.0,4.9,141.0,17.2,16.6,11.5,0.2,101840.0,0.0
20170331,4.0,4.0,130.0,16.1,14.1,11.0,0.0,101010.0,0.0
20170401,6.0,4.7,141.0,16.5,12.2,8.2,0.0,100980.0,0.0
20170402,2.0,10.9,216.0,17.4,11.6,6.6,0.0,102180.0,0.0
20170403,2.0,9.9,207.0,14.9,10.7,4.0,0.2,102520.0,0.0
20170404,8.0,0.0,56.0,15.4,11.8,8.7,0.0,102600.0,0.0
20170405,2.0,9.9,210.0,17.7,10.3,5.2,0.0,103100.0,0.0
20170406,1.0,12.0,235.0,17.9,11.8,5.9,0.0,103060.0,0.0
20170407,0.0,12.1,238.0,20.9,11.8,5.6,0.0,102720.0,0.0
20170408,0.0,12.0,239.0,25.4,12.8,4.8,0.0,102360.0,0.0
20170409,1.0,12.1,241.0,13.8,16.5,7.6,0.0,102020.0,0.0
20170410,5.0,5.7,166.0,16.7,11.1,8.4,0.0,102560.0,0.0
20170411,2.0,12.1,245.0,17.1,11.2,5.7,0.0,102710.0,0.0
20170412,5.0,5.1,161.0,15.4,11.4,5.8,0.0,101910.0,0.0
20170413,4.0,5.6,169.0,15.3,10.6,5.8,0.0,101840.0,0.0
20170414,8.0,0.8,89.0,15.7,10.8,6.4,0.0,101690.0,0.0
20170415,6.0,4.5,156.0,16.0,12.3,9.0,0.0,101840.0,0.0
20170416,6.0,3.9,147.0,12.5,10.9,5.8,0.6,102190.0,0.0
20170417,7.0,0.3,77.0,13.2,10.2,7.8,0.0,102300.0,0.0
20170418,2.0,10.5,238.0,14.5,8.9,4.6,0.0,103100.0,0.0
20170419,4.0,11.8,255.0,15.7,8.9,3.3,0.0,103650.0,0.0
20170420,7.0,3.5,145.0,15.7,10.8,5.9,0.4,103580.0,0.0
20170421,7.0,0.0,66.0,17.3,11.5,7.3,0.0,103170.0,0.0
20170422,4.0,5.4,177.0,16.8,12.9,8.6,0.0,102850.0,0.0
20170423,5.0,7.6,209.0,13.6,11.9,7.1,0.0,102590.0,0.0
20170424,6.0,2.0,122.0,11.8,9.2,4.8,0.2,101610.0,0.0
20170425,3.0,8.9,228.0,11.1,6.0,0.3,0.2,101420.0,0.0
20170426,4.0,5.0,175.0,11.1,6.7,2.2,1.4,101830.0,0.0
20170427,5.0,4.9,174.0,15.0,5.8,0.6,0.2,101910.0,0.0
20170428,8.0,1.4,112.0,16.7,11.2,7.3,0.0,101690.0,0.0
20170429,6.0,2.1,128.0,18.1,10.9,5.1,0.0,101450.0,0.0
20170430,6.0,1.5,116.0,14.3,13.4,8.7,1.4,100200.0,0.0
20170501,6.0,3.2,150.0,18.4,11.2,8.0,1.0,100480.0,0.0
20170502,4.0,5.3,186.0,12.3,12.7,6.9,0.2,101910.0,0.0
20170503,8.0,0.1,79.0,14.9,9.9,7.5,1.0,102230.0,0.0
20170504,8.0,0.3,87.0,16.9,12.1,9.2,0.0,102250.0,0.0
20170505,5.0,8.6,236.0,15.5,12.4,8.0,0.0,102070.0,0.0
20170506,7.0,1.4,118.0,18.7,12.4,9.4,0.0,101360.0,0.0
20170507,5.0,6.7,211.0,12.1,13.6,8.4,0.0,102090.0,0.0
20170508,7.0,0.0,74.0,14.9,9.8,7.5,0.0,102680.0,0.0
20170509,5.0,5.6,197.0,19.2,10.7,6.5,0.0,102230.0,0.0
20170510,1.0,13.1,299.0,22.5,12.1,5.0,0.0,100820.0,0.0
20170511,5.0,2.4,142.0,20.0,14.8,7.2,2.0,99650.0,0.0
20170512,6.0,4.0,173.0,19.6,16.2,12.4,0.6,99710.0,0.0
20170513,6.0,4.8,187.0,20.9,15.6,11.6,3.2,100780.0,0.0
20170514,4.0,8.1,238.0,20.9,16.4,11.8,0.4,101840.0,0.0
20170515,8.0,0.0,77.0,25.0,15.2,9.6,0.0,102440.0,0.0
20170516,7.0,4.4,182.0,17.7,19.2,13.5,14.8,102350.0,0.0
20170517,8.0,0.0,78.0,16.5,16.4,15.0,18.6,101670.0,0.0
20170518,7.0,3.9,175.0,16.2,13.1,9.6,9.8,101260.0,0.0
20170519,7.0,2.2,143.0,16.7,12.9,9.7,0.4,101210.0,0.0
20170520,5.0,6.6,220.0,20.7,11.7,6.7,0.4,101800.0,0.0
20170521,3.0,12.7,305.0,24.9,14.7,8.6,0.0,102320.0,0.0
20170522,3.0,9.7,266.0,21.3,18.0,11.1,0.0,101640.0,0.0
20170523,4.0,4.1,181.0,26.3,16.0,10.7,0.0,102110.0,0.0
20170524,1.0,11.1,286.0,27.0,19.4,12.6,0.0,102530.0,0.0
20170525,1.0,12.8,309.0,27.8,20.5,14.0,0.0,102350.0,0.0
20170526,0.0,14.3,,24.0,20.7,13.6,0.0,101760.0,0.0
20170527,3.0,7.5,237.0,23.9,19.8,15.6,0.0,101400.0,0.0
20170528,4.0,6.1,216.0,20.7,17.7,11.5,12.2,101760.0,0.0
20170529,8.0,0.0,81.0,20.8,17.2,13.8,0.2,101240.0,0.0
20170530,7.0,3.0,163.0,23.0,17.5,14.2,0.0,101560.0,0.0
20170531,4.0,2.8,160.0,25.5,17.9,12.7,0.0,102220.0,0.0
20170601,1.0,11.1,290.0,24.8,18.9,12.3,0.0,102070.0,0.0
20170602,5.0,4.2,188.0,21.5,19.4,13.9,6.8,101590.0,0.0
20170603,5.0,10.1,278.0,20.3,18.2,14.9,0.0,101460.0,0.0
20170604,4.0,6.6,228.0,18.7,14.8,9.4,0.0,101610.0,0.0
20170605,7.0,2.6,158.0,17.7,15.1,11.4,18.8,100700.0,0.0
20170606,6.0,3.0,167.0,20.9,13.8,9.9,2.6,99580.0,0.0
20170607,5.0,7.9,248.0,18.0,15.6,10.3,0.8,101110.0,0.0
20170608,8.0,0.0,80.0,21.2,15.6,13.1,1.0,101000.0,0.0
20170609,5.0,6.6,229.0,23.8,16.6,12.0,0.0,101130.0,0.0
20170610,4.0,10.1,280.0,23.9,18.8,13.7,0.0,101640.0,0.0
20170611,5.0,8.4,257.0,20.9,20.1,16.4,0.0,101410.0,0.0
20170612,5.0,3.2,172.0,24.8,16.6,12.3,0.0,101750.0,0.0
20170613,3.0,9.9,278.0,27.1,17.5,10.2,0.0,101960.0,0.0
20170614,1.0,13.2,,25.1,20.4,13.6,0.0,101670.0,0.0
20170615,2.0,12.4,,24.3,20.0,14.9,0.0,101490.0,0.0
20170616,2.0,9.9,278.0,30.1,17.9,11.4,0.0,102390.0,0.0
20170617,1.0,12.4,,31.7,22.4,14.6,0.0,102640.0,0.0
20170618,2.0,10.0,280.0,32.0,24.5,17.3,0.0,102330.0,0.0
20170619,1.0,10.0,280.0,31.4,25.5,19.0,0.0,101890.0,0.0
20170620,1.0,11.1,295.0,34.5,25.4,19.3,0.0,101760.0,0.0
20170621,1.0,12.5,,24.1,25.5,16.5,0.0,101430.0,0.0
20170622,5.0,1.6,138.0,24.9,21.1,18.2,0.0,101210.0,0.0
20170623,5.0,7.1,238.0,24.1,19.0,13.1,0.0,101600.0,0.0
20170624,7.0,0.6,110.0,24.2,20.6,17.1,0.0,101360.0,0.0
20170625,7.0,2.1,149.0,24.5,19.5,14.8,0.0,101250.0,0.0
20170626,5.0,10.1,281.0,21.2,18.6,12.7,0.0,101380.0,0.0
20170627,7.0,0.1,89.0,17.3,17.9,14.6,16.2,100670.0,0.0
20170628,8.0,0.0,81.0,18.7,15.9,14.6,0.0,99790.0,0.0
20170629,8.0,0.5,106.0,22.0,15.4,12.1,0.0,99650.0,0.0
20170630,7.0,7.0,236.0,23.3,18.0,14.0,0.2,100450.0,0.0
20170701,7.0,3.6,179.0,23.6,18.9,14.5,0.2,101570.0,0.0
20170702,3.0,12.6,41.0,25.1,19.0,14.4,0.0,102070.0,0.0
20170703,5.0,4.8,200.0,24.6,19.9,14.7,0.0,102050.0,0.0
20170704,3.0,9.1,265.0,29.5,19.0,13.4,0.0,101990.0,0.0
20170705,0.0,13.9,38.0,32.2,22.0,14.5,0.0,101820.0,0.0
20170706,5.0,10.3,281.0,30.1,25.4,18.5,0.0,101410.0,0.0
20170707,4.0,12.0,303.0,26.7,23.6,17.0,0.0,101590.0,0.0
20170708,6.0,7.6,242.0,28.4,22.2,17.7,0.0,101810.0,0.0
20170709,5.0,7.0,233.0,26.4,23.1,17.7,0.0,101270.0,0.0
20170710,3.0,10.4,280.0,19.6,21.1,15.9,0.0,100850.0,0.0
20170711,8.0,0.0,79.0,22.4,17.1,14.7,36.8,100920.0,0.0
20170712,6.0,5.3,205.0,23.2,18.3,14.2,0.0,101500.0,0.0
20170713,7.0,6.8,228.0,21.8,18.3,13.4,0.0,102160.0,0.0
20170714,6.0,4.3,187.0,22.5,18.1,14.4,0.0,101990.0,0.0
20170715,8.0,0.0,78.0,25.4,18.8,15.1,0.4,102190.0,0.0
20170716,7.0,1.4,128.0,26.9,20.9,16.3,0.4,102260.0,0.0
20170717,5.0,11.2,287.0,26.9,21.1,15.2,0.0,102300.0,0.0
20170718,6.0,7.3,233.0,22.7,21.9,16.9,4.4,101620.0,0.0
20170719,7.0,1.6,132.0,21.6,20.4,18.1,0.4,100610.0,0.0
20170720,6.0,3.0,161.0,22.8,19.5,17.4,0.0,100790.0,0.0
20170721,4.0,6.5,219.0,19.2,17.6,12.3,13.8,100840.0,0.0
20170722,7.0,3.1,162.0,20.6,16.3,13.4,9.6,100800.0,0.0
20170723,6.0,3.8,174.0,19.4,15.9,11.2,0.8,101140.0,0.0
20170724,7.0,0.2,88.0,22.9,16.8,14.1,0.0,101410.0,0.0
20170725,4.0,8.8,249.0,22.1,17.9,13.0,0.2,101570.0,0.0
20170726,6.0,0.6,102.0,22.2,18.3,14.5,1.6,100780.0,0.0
20170727,7.0,3.2,161.0,22.2,18.1,14.0,7.0,100670.0,0.0
20170728,7.0,1.2,118.0,20.4,17.9,13.7,1.2,100830.0,0.0
20170729,7.0,4.0,174.0,21.5,17.6,14.8,13.2,100760.0,0.0
20170730,7.0,5.3,195.0,22.7,18.1,14.6,0.0,100590.0,0.0
20170731,2.0,9.1,248.0,22.4,17.9,13.1,0.0,101140.0,0.0
20170801,5.0,6.3,208.0,19.3,17.4,12.5,0.8,101460.0,0.0
20170802,8.0,0.0,72.0,21.8,16.9,14.5,7.2,101190.0,0.0
20170803,7.0,3.3,158.0,22.9,18.6,15.5,0.0,100710.0,0.0
20170804,6.0,6.7,212.0,20.8,18.9,14.8,0.0,101130.0,0.0
20170805,4.0,8.7,238.0,22.8,17.7,14.6,0.4,101690.0,0.0
20170806,2.0,8.6,236.0,21.1,16.7,10.6,0.0,102190.0,0.0
20170807,7.0,0.7,99.0,17.0,17.1,13.1,0.2,101730.0,0.0
20170808,8.0,0.3,86.0,16.1,16.0,15.0,3.4,101150.0,0.0
20170809,8.0,0.0,69.0,21.0,14.6,13.0,19.6,101590.0,0.0
20170810,5.0,7.7,219.0,22.6,16.6,12.2,0.0,102320.0,0.0
20170811,3.0,8.5,229.0,22.5,16.2,9.9,0.0,101900.0,0.0
20170812,7.0,4.3,168.0,22.7,19.6,16.6,0.0,101590.0,0.0
20170813,2.0,12.4,274.0,23.5,17.5,12.3,0.0,102100.0,0.0
20170814,4.0,6.6,200.0,24.2,17.1,10.7,0.0,101720.0,0.0
20170815,5.0,7.8,215.0,23.6,19.7,15.2,0.0,101540.0,0.0
20170816,5.0,4.7,170.0,24.8,17.6,11.5,3.8,101880.0,0.0
20170817,5.0,4.8,171.0,20.3,20.1,15.4,3.8,101130.0,0.0
20170818,5.0,7.2,204.0,20.8,17.6,15.0,7.0,101110.0,0.0
20170819,4.0,9.0,225.0,21.5,16.8,12.7,0.0,101720.0,0.0
20170820,4.0,6.3,189.0,19.7,15.6,9.7,6.8,102320.0,0.0
20170821,8.0,0.0,63.0,23.1,16.6,13.6,0.0,102130.0,0.0
20170822,8.0,0.5,84.0,22.4,19.4,15.8,0.2,101860.0,0.0
20170823,5.0,1.4,106.0,21.5,19.1,15.9,0.0,101360.0,0.0
20170824,3.0,5.9,179.0,24.0,17.2,12.9,0.0,101700.0,0.0
20170825,2.0,11.6,246.0,24.7,18.2,12.5,0.0,101720.0,0.0
20170826,5.0,7.6,198.0,26.3,19.3,13.9,0.0,101620.0,0.0
20170827,3.0,9.3,217.0,27.7,21.1,15.9,0.0,101830.0,0.0
20170828,0.0,12.0,246.0,26.1,21.1,14.6,0.0,101740.0,0.0
20170829,5.0,3.6,140.0,15.1,21.2,16.4,0.2,101340.0,0.0
20170830,8.0,0.2,69.0,20.3,14.4,13.8,3.6,101340.0,0.0
20170831,2.0,8.9,207.0,21.9,14.6,8.8,1.6,101720.0,0.0
20170901,3.0,9.2,200.0,22.0,15.8,9.7,0.0,102150.0,0.0
20170902,1.0,9.8,205.0,18.1,16.0,10.0,0.0,102180.0,0.0
20170903,6.0,0.1,61.0,22.6,14.5,10.9,6.4,101330.0,0.0
20170904,8.0,0.9,83.0,21.3,17.9,13.2,0.2,101180.0,0.0
20170905,7.0,1.1,86.0,19.4,18.6,16.0,1.2,101380.0,0.0
20170906,5.0,5.0,144.0,19.9,15.3,11.3,0.0,101890.0,0.0
20170907,8.0,2.7,112.0,19.6,15.6,11.2,3.4,101400.0,0.0
20170908,6.0,2.3,104.0,18.6,17.1,14.5,3.6,100110.0,0.0
20170909,4.0,6.9,163.0,17.4,14.3,10.0,7.2,99790.0,0.0
20170910,6.0,2.6,107.0,19.8,13.0,8.6,0.8,99850.0,0.0
20170911,5.0,5.0,138.0,19.6,15.4,11.1,0.6,99430.0,0.0
20170912,4.0,7.6,166.0,19.0,14.9,10.3,2.6,100400.0,0.0
20170913,4.0,8.1,169.0,18.1,15.6,12.1,0.0,99900.0,0.0
20170914,4.0,5.6,141.0,16.8,13.0,7.9,0.0,100810.0,0.0
20170915,5.0,5.2,135.0,15.9,11.9,7.1,0.2,101310.0,0.0
20170916,7.0,2.8,104.0,17.3,12.1,8.2,0.2,101180.0,0.0
20170917,7.0,3.3,109.0,17.4,12.8,8.4,0.4,101380.0,0.0
20170918,6.0,3.3,108.0,16.3,13.2,9.1,3.6,101760.0,0.0
20170919,3.0,6.5,143.0,18.3,12.3,8.3,0.0,102140.0,0.0
20170920,6.0,1.0,72.0,18.0,13.8,9.2,0.0,101880.0,0.0
20170921,7.0,1.2,74.0,19.0,16.0,14.0,2.8,101570.0,0.0
20170922,2.0,8.7,160.0,19.5,12.6,6.2,0.0,102140.0,0.0
20170923,6.0,1.2,72.0,22.8,15.3,11.2,0.0,102160.0,0.0
20170924,5.0,7.7,148.0,18.2,16.8,10.8,6.4,101930.0,0.0
20170925,8.0,0.0,42.0,21.1,16.6,14.9,0.0,101960.0,0.0
20170926,5.0,3.7,103.0,20.9,17.5,13.9,0.0,102210.0,0.0
20170927,7.0,1.1,67.0,20.5,16.4,12.0,15.2,101940.0,0.0
20170928,6.0,4.5,110.0,18.9,17.8,15.0,1.8,101810.0,0.0
20170929,7.0,0.6,57.0,17.6,16.4,13.8,0.4,101600.0,0.0
20170930,7.0,2.4,83.0,18.4,14.2,10.9,2.0,101640.0,0.0
20171001,8.0,0.0,39.0,18.1,16.1,13.7,0.0,101090.0,0.0
20171002,7.0,3.8,97.0,17.3,15.9,13.8,0.0,101330.0,0.0
20171003,3.0,6.5,122.0,16.7,12.9,8.6,0.0,102270.0,0.0
20171004,7.0,1.1,61.0,17.4,12.8,8.9,0.6,102200.0,0.0
20171005,4.0,7.5,128.0,15.9,15.1,12.7,0.0,101760.0,0.0
20171006,4.0,8.0,130.0,17.3,12.1,8.2,0.0,102570.0,0.0
20171007,7.0,0.0,35.0,17.6,13.5,9.7,0.4,101820.0,0.0
20171008,6.0,2.9,80.0,17.7,14.1,10.6,0.0,102000.0,0.0
20171009,7.0,0.9,54.0,17.0,13.8,10.0,0.0,101890.0,0.0
20171010,7.0,0.5,47.0,17.3,13.8,10.6,0.0,101520.0,0.0
20171011,7.0,0.5,46.0,17.9,15.6,13.9,1.0,101140.0,0.0
20171012,6.0,5.5,100.0,19.6,13.3,8.8,0.0,101990.0,0.0
20171013,7.0,0.0,32.0,20.0,15.2,10.8,0.0,102210.0,0.0
20171014,6.0,0.3,40.0,20.2,17.9,15.7,0.0,102380.0,0.0
20171015,2.0,3.5,79.0,22.4,15.3,10.4,0.0,101820.0,0.0
20171016,5.0,2.5,68.0,15.0,17.0,11.6,0.0,101600.0,0.0
20171017,4.0,1.6,57.0,15.6,12.8,10.7,0.2,101880.0,0.0
20171018,8.0,0.0,29.0,17.1,13.4,11.2,1.2,101180.0,0.0
20171019,8.0,0.0,29.0,16.2,14.5,11.9,2.4,100380.0,0.0
20171020,7.0,2.3,62.0,16.3,14.1,12.0,2.2,100400.0,0.0
20171021,7.0,4.8,83.0,14.2,14.2,12.0,0.4,100230.0,0.0
20171022,6.0,4.5,79.0,17.0,11.7,9.2,0.0,101300.0,0.0
20171023,8.0,0.0,27.0,19.4,13.4,9.8,0.2,101770.0,0.0
20171024,8.0,0.2,32.0,18.8,16.1,12.9,0.2,101800.0,0.0
20171025,6.0,5.6,84.0,16.0,16.6,14.3,0.0,102040.0,0.0
20171026,7.0,0.0,25.0,15.3,12.1,8.2,0.4,102490.0,0.0
20171027,2.0,8.2,99.0,16.6,11.8,8.3,0.0,103270.0,0.0
20171028,2.0,3.0,61.0,13.9,10.8,5.1,0.0,102630.0,0.0
20171029,5.0,2.8,58.0,12.9,11.3,8.7,0.0,102320.0,0.0
20171030,2.0,7.7,92.0,13.6,8.0,3.1,0.0,103080.0,0.0
20171031,6.0,0.4,32.0,16.0,9.4,5.2,0.0,102620.0,0.0
20171101,5.0,1.5,44.0,12.4,11.7,7.4,0.2,101930.0,0.0
20171102,5.0,0.4,31.0,14.6,7.5,2.6,0.0,101600.0,0.0
20171103,4.0,3.9,62.0,13.5,10.2,5.9,4.2,101360.0,0.0
20171104,7.0,0.5,31.0,10.9,10.7,7.9,0.8,100500.0,0.0
20171105,2.0,4.9,67.0,12.1,6.8,2.8,0.0,101480.0,0.0
20171106,1.0,6.9,78.0,12.3,6.5,0.8,0.2,102500.0,0.0
20171107,8.0,0.0,21.0,9.9,8.1,3.8,5.4,101790.0,0.0
20171108,5.0,0.3,27.0,14.1,7.6,5.3,0.0,102260.0,0.0
20171109,7.0,1.0,34.0,13.3,7.6,1.1,0.0,102370.0,0.0
20171110,6.0,3.4,53.0,10.2,10.4,7.5,7.6,102000.0,0.0
20171111,8.0,0.5,28.0,8.7,8.5,6.8,3.0,101200.0,0.0
20171112,6.0,3.3,51.0,9.1,7.5,6.3,0.0,101250.0,0.0
20171113,4.0,3.3,50.0,11.5,5.3,1.5,0.2,102570.0,0.0
20171114,8.0,0.0,18.0,11.9,7.7,3.8,0.4,102400.0,0.0
20171115,8.0,0.0,18.0,14.8,10.4,9.0,0.0,102420.0,0.0
20171116,7.0,1.6,36.0,10.8,12.2,9.5,0.2,102350.0,0.0
20171117,3.0,5.8,61.0,9.1,5.7,0.6,0.0,102920.0,0.0
20171118,7.0,0.0,17.0,10.5,5.7,2.2,4.0,102310.0,0.0
20171119,4.0,3.5,47.0,12.7,6.8,3.0,1.2,102350.0,0.0
20171120,8.0,0.0,17.0,14.2,8.4,4.1,0.8,101590.0,0.0
20171121,8.0,0.1,19.0,15.9,12.3,10.4,0.0,101000.0,0.0
20171122,7.0,0.1,19.0,12.0,14.1,12.2,2.8,99790.0,0.0
20171123,6.0,5.4,55.0,7.6,10.2,8.3,0.0,99750.0,0.0
20171124,6.0,0.3,21.0,7.8,6.5,5.5,0.0,101060.0,0.0
20171125,3.0,6.1,57.0,10.1,3.2,-1.3,0.2,101650.0,0.0
20171126,2.0,5.3,52.0,10.2,5.5,1.0,2.4,102390.0,0.0
20171127,7.0,0.2,19.0,7.2,6.5,2.9,0.6,101370.0,0.0
20171128,4.0,4.1,45.0,6.2,4.8,2.5,0.0,100880.0,0.0
20171129,5.0,0.1,17.0,4.3,4.0,1.8,0.0,101070.0,0.0
20171130,4.0,4.2,45.0,7.2,1.9,-0.4,0.0,101240.0,0.0
20171201,6.0,3.5,39.0,7.5,4.0,0.8,0.0,102090.0,0.0
20171202,8.0,0.0,13.0,10.4,5.0,2.5,0.4,102710.0,0.0
20171203,8.0,0.0,13.0,10.0,6.7,3.0,0.2,102700.0,0.0
20171204,7.0,0.0,13.0,9.4,7.0,4.0,0.0,103330.0,0.0
20171205,8.0,0.0,13.0,11.6,8.1,6.8,0.0,103540.0,0.0
20171206,8.0,0.0,13.0,12.5,9.7,7.7,0.2,102730.0,0.0
20171207,5.0,0.9,22.0,4.6,10.8,9.0,2.8,101050.0,0.0
20171208,2.0,4.1,39.0,4.0,3.5,2.3,0.0,101580.0,0.0
20171209,3.0,3.7,37.0,2.6,1.3,-1.4,12.0,101510.0,0.0
20171210,8.0,0.0,12.0,3.5,1.3,0.0,11.2,98250.0,1.0
20171211,6.0,0.0,12.0,8.0,1.9,0.4,5.0,98530.0,0.0
20171212,3.0,4.4,40.0,9.7,2.3,-3.4,3.2,100720.0,0.0
20171213,7.0,0.1,14.0,6.9,3.9,-1.9,7.2,99660.0,0.0
20171214,2.0,4.0,38.0,5.7,4.8,2.6,1.4,99130.0,0.0
20171215,4.0,4.1,38.0,6.0,3.3,0.9,0.0,99870.0,0.0
20171216,3.0,2.2,29.0,9.5,3.0,0.0,0.2,101780.0,0.0
20171217,6.0,0.0,12.0,7.9,4.1,-1.3,3.2,102280.0,0.0
20171218,0.0,4.7,41.0,8.4,4.5,1.0,0.0,102900.0,0.0
20171219,5.0,2.9,32.0,11.0,3.0,-2.3,0.4,103510.0,0.0
20171220,8.0,0.0,12.0,12.0,6.0,0.9,0.0,103520.0,0.0
20171221,8.0,0.0,12.0,11.8,10.2,8.3,0.2,103550.0,0.0
20171222,8.0,0.0,12.0,9.8,10.3,8.9,0.0,103580.0,0.0
20171223,8.0,0.0,12.0,10.7,9.1,8.3,0.0,103370.0,0.0
20171224,8.0,0.0,12.0,11.0,9.3,8.0,0.2,102470.0,0.0
20171225,8.0,0.0,12.0,8.0,9.8,8.6,5.4,100760.0,0.0
20171226,5.0,2.3,29.0,3.5,5.8,3.5,10.4,99360.0,0.0
20171227,6.0,0.0,12.0,6.7,2.6,1.7,1.4,98780.0,0.0
20171228,0.0,5.4,44.0,12.5,2.9,-1.0,3.8,100350.0,0.0
20171229,6.0,1.0,22.0,14.4,5.1,-2.3,5.6,99790.0,0.0
20171230,8.0,0.5,18.0,11.6,9.7,5.0,4.6,99660.0,0.0
20171231,7.0,0.0,13.0,8.0,10.3,9.0,2.2,99490.0,0.0
20180101,6.0,0.2,16.0,12.3,6.7,5.4,0.0,99930.0,0.0
20180102,6.0,0.0,13.0,10.8,7.9,3.5,10.6,100520.0,0.0
20180103,6.0,1.3,25.0,12.9,8.2,5.7,8.2,99630.0,0.0
20180104,6.0,0.1,15.0,9.1,9.5,6.1,2.0,99470.0,0.0
20180105,6.0,2.3,31.0,5.8,7.2,5.3,0.2,99470.0,0.0
20180106,6.0,0.9,23.0,6.2,3.4,0.9,0.0,100980.0,0.0
20180107,2.0,4.8,44.0,5.1,3.5,0.9,0.0,102510.0,0.0
20180108,8.0,0.0,13.0,8.8,3.5,1.9,0.0,102130.0,0.0
20180109,8.0,0.0,14.0,10.4,6.3,3.9,0.4,100780.0,0.0
20180110,6.0,2.5,34.0,7.5,7.5,4.5,0.0,100480.0,0.0
20180111,8.0,0.0,14.0,7.3,5.0,2.6,0.2,101800.0,0.0
20180112,8.0,0.0,14.0,8.4,6.6,5.9,0.2,102570.0,0.0
20180113,8.0,0.5,21.0,9.0,6.8,5.3,0.0,102010.0,0.0
20180114,8.0,0.0,14.0,11.4,6.5,4.1,2.8,101810.0,0.0
20180115,6.0,0.8,24.0,8.3,7.8,4.3,2.4,99900.0,0.0
20180116,5.0,4.0,45.0,11.7,6.7,5.1,0.0,99520.0,0.0
20180117,3.0,5.3,52.0,9.5,6.8,2.0,0.4,100350.0,0.0
20180118,4.0,3.8,45.0,6.8,6.8,4.0,0.0,100020.0,0.0
20180119,1.0,5.4,54.0,4.8,3.4,0.0,1.4,100840.0,0.0
20180120,8.0,0.0,16.0,10.8,3.1,1.5,4.0,100360.0,0.0
20180121,8.0,0.0,16.0,10.8,5.9,1.0,13.6,101160.0,0.0
20180122,8.0,0.7,25.0,13.3,6.0,1.2,0.2,101220.0,0.0
20180123,8.0,0.0,17.0,13.3,10.2,7.2,0.2,101560.0,0.0
20180124,8.0,0.0,17.0,10.9,11.3,9.3,7.0,100740.0,0.0
20180125,2.0,5.1,57.0,8.7,8.6,6.3,0.0,100800.0,0.0
20180126,6.0,1.9,37.0,11.5,5.2,1.7,0.0,101890.0,0.0
20180127,7.0,0.0,18.0,13.4,7.2,3.0,0.8,102620.0,0.0
20180128,6.0,0.4,25.0,13.5,9.4,5.5,0.0,103030.0,0.0
20180129,6.0,0.8,29.0,10.3,11.8,10.2,0.4,102790.0,0.0
20180130,4.0,3.8,53.0,8.8,4.4,-1.5,0.6,102840.0,0.0
20180131,5.0,1.9,40.0,7.5,5.0,1.1,2.4,100550.0,0.0
20180201,6.0,3.5,52.0,8.0,4.9,2.3,0.0,100220.0,0.0
20180202,6.0,2.3,44.0,4.1,5.8,3.7,0.4,101090.0,0.0
20180203,8.0,0.0,20.0,5.7,3.8,3.4,5.4,100810.0,0.0
20180204,6.0,1.1,35.0,4.9,4.0,2.2,0.0,102410.0,0.0
20180205,6.0,2.3,47.0,3.9,2.8,0.6,0.0,102630.0,0.0
20180206,6.0,3.5,56.0,6.2,2.5,1.2,0.0,101830.0,0.0
20180207,6.0,4.6,65.0,7.7,3.0,-0.3,0.0,102040.0,0.0
20180208,5.0,1.6,43.0,6.0,2.6,-2.4,5.4,101790.0,0.0
20180209,6.0,1.1,38.0,10.0,3.0,0.0,0.0,101060.0,0.0
20180210,6.0,0.0,23.0,7.6,4.1,-1.8,3.4,101130.0,0.0
20180211,2.0,5.8,77.0,7.5,4.8,2.1,0.0,100400.0,0.0
20180212,2.0,5.7,78.0,5.9,3.1,-1.2,0.2,101430.0,0.0
20180213,7.0,0.0,24.0,8.3,3.8,1.6,2.4,100250.0,0.0
20180214,7.0,0.5,34.0,10.2,3.4,-1.6,5.0,100490.0,0.0
20180215,2.0,5.2,78.0,10.5,5.9,1.6,0.0,100800.0,0.0
20180216,2.0,7.5,95.0,10.9,5.2,-0.1,0.0,102410.0,0.0
20180217,5.0,7.3,95.0,10.6,6.3,1.7,0.0,102240.0,0.0
20180218,6.0,1.3,47.0,11.4,6.0,1.5,1.0,102190.0,0.0
20180219,8.0,0.0,27.0,9.8,8.4,5.4,1.4,101720.0,0.0
20180220,8.0,0.8,42.0,7.0,8.6,7.3,0.6,102050.0,0.0
20180221,7.0,1.7,53.0,5.8,4.7,2.4,0.0,102690.0,0.0
20180222,4.0,3.6,73.0,4.7,3.7,1.6,0.0,102420.0,0.0
20180223,6.0,0.4,38.0,6.5,1.9,-0.8,0.0,102140.0,0.0
20180224,1.0,8.9,116.0,5.0,2.4,-1.7,0.0,102180.0,0.0
20180225,2.0,9.5,122.0,2.6,2.1,-0.7,0.4,102780.0,0.0
20180226,6.0,3.1,72.0,1.4,0.8,-0.9,0.4,103070.0,0.0
20180227,4.0,5.4,94.0,-1.2,-1.2,-3.8,1.0,102440.0,0.0
20180228,6.0,5.3,94.0,0.3,-3.3,-5.4,2.0,101630.0,1.0
20180301,8.0,0.0,35.0,1.7,-2.4,-5.1,0.0,100120.0,0.0
20180302,8.0,0.0,35.0,7.0,-1.0,-3.7,0.4,99280.0,0.0
20180303,8.0,0.0,36.0,9.9,2.8,-1.5,0.8,99210.0,0.0
20180304,7.0,0.6,52.0,10.7,5.8,1.6,0.2,98980.0,0.0
20180305,6.0,1.4,65.0,10.3,7.3,3.9,1.2,98840.0,0.0
20180306,7.0,1.2,63.0,11.2,7.7,5.1,3.8,98810.0,0.0
20180307,5.0,4.4,104.0,11.0,7.9,4.6,1.6,99430.0,0.0
20180308,5.0,6.7,129.0,11.3,7.5,4.1,0.0,99660.0,0.0
20180309,7.0,0.0,39.0,14.2,5.9,0.5,6.4,100130.0,0.0
20180310,7.0,0.1,45.0,12.8,9.8,5.5,0.2,99480.0,0.0
20180311,8.0,1.3,69.0,10.8,9.2,5.6,5.4,99090.0,0.0
20180312,8.0,0.0,41.0,11.4,9.4,8.0,5.0,98880.0,0.0
20180313,5.0,4.1,108.0,13.6,8.2,5.0,0.0,100690.0,0.0
20180314,4.0,3.7,105.0,13.6,7.4,1.2,8.6,100260.0,0.0
20180315,7.0,2.7,93.0,13.8,10.7,7.7,0.2,98940.0,0.0
20180316,6.0,5.1,124.0,0.8,10.7,7.6,2.0,99830.0,0.0
20180317,8.0,0.0,44.0,0.7,0.5,0.2,2.4,100610.0,0.0
20180318,8.0,0.0,45.0,5.4,-0.3,-1.4,1.0,100860.0,2.0
20180319,5.0,5.4,132.0,8.8,1.9,-1.5,0.4,101560.0,0.0
20180320,6.0,3.4,109.0,11.2,4.5,0.3,0.0,102830.0,0.0
20180321,2.0,9.7,181.0,12.0,4.7,-1.9,0.0,103100.0,0.0
20180322,7.0,4.2,122.0,13.6,8.2,4.4,0.0,101960.0,0.0
20180323,7.0,3.1,108.0,9.8,9.9,6.2,2.4,100130.0,0.0
20180324,8.0,0.0,49.0,12.3,8.2,6.5,0.0,100070.0,0.0
20180325,7.0,0.0,49.0,13.2,9.8,7.2,0.0,101080.0,0.0
20180326,6.0,6.1,150.0,15.4,9.1,5.0,4.6,101720.0,0.0
20180327,7.0,1.7,91.0,9.6,10.3,5.2,5.8,100750.0,0.0
20180328,7.0,1.6,90.0,9.1,7.2,4.8,6.2,100410.0,0.0
20180329,6.0,2.5,106.0,7.9,5.2,1.2,8.0,100120.0,0.0
20180330,8.0,0.2,62.0,9.7,5.5,3.1,12.8,99460.0,0.0
20180331,8.0,1.1,84.0,9.6,6.7,3.7,1.8,99760.0,0.0
20180401,8.0,0.0,54.0,12.2,7.0,4.3,12.2,101100.0,0.0
20180402,8.0,0.1,60.0,13.7,8.0,3.7,4.2,99920.0,0.0
20180403,7.0,0.4,70.0,12.0,11.2,8.7,0.4,99430.0,0.0
20180404,7.0,1.1,87.0,10.8,9.4,6.8,0.2,99430.0,0.0
20180405,4.0,9.0,200.0,16.9,7.7,4.5,0.0,101030.0,0.0
20180406,2.0,8.5,196.0,17.9,10.4,4.0,0.0,101080.0,0.0
20180407,6.0,1.0,88.0,11.3,13.2,8.4,1.2,100540.0,0.0
20180408,8.0,0.0,58.0,9.7,10.2,9.1,9.4,100810.0,0.0
20180409,8.0,0.0,59.0,14.4,8.9,8.2,9.4,100660.0,0.0
20180410,8.0,0.3,72.0,10.3,11.3,8.3,5.8,100190.0,0.0
20180411,8.0,0.0,60.0,10.2,8.8,7.2,0.4,100690.0,0.0
20180412,8.0,0.0,61.0,13.1,8.5,6.8,0.2,100400.0,0.0
20180413,8.0,0.0,61.0,19.3,9.8,6.4,0.0,100780.0,0.0
20180414,4.0,8.6,209.0,15.2,13.7,8.0,0.0,101590.0,0.0
20180415,7.0,0.7,87.0,15.9,11.9,8.7,0.6,100960.0,0.0
20180416,5.0,6.3,182.0,19.0,11.9,8.0,0.0,101380.0,0.0
20180417,7.0,2.3,122.0,24.6,14.5,10.0,0.0,102010.0,0.0
20180418,0.0,12.6,263.0,28.5,17.2,9.9,0.0,102630.0,0.0
20180419,0.0,12.6,264.0,25.8,19.9,11.2,0.0,102320.0,0.0
20180420,0.0,12.9,269.0,24.1,18.8,11.7,0.0,102300.0,0.0
20180421,4.0,6.5,191.0,23.6,18.0,11.9,10.8,101960.0,0.0
20180422,3.0,8.7,222.0,16.7,17.8,12.0,0.0,101060.0,0.0
20180423,4.0,4.6,166.0,17.3,12.2,7.7,0.0,101590.0,0.0
20180424,8.0,0.0,67.0,15.8,14.3,11.3,0.2,101310.0,0.0
20180425,4.0,8.3,220.0,16.1,11.8,7.8,0.4,101200.0,0.0
20180426,3.0,8.9,229.0,12.4,11.3,6.6,2.4,101570.0,0.0
20180427,7.0,0.0,69.0,9.1,9.7,7.0,3.8,100760.0,0.0
20180428,8.0,0.0,69.0,8.0,8.4,7.8,0.2,100970.0,0.0
20180429,8.0,0.0,70.0,10.6,7.3,6.7,2.2,101090.0,0.0
20180430,8.0,0.0,70.0,14.8,8.0,5.4,1.2,100650.0,0.0
20180501,4.0,7.9,222.0,15.0,8.6,2.3,1.0,100960.0,0.0
20180502,5.0,4.0,165.0,18.1,11.9,8.9,3.8,100660.0,0.0
20180503,3.0,10.5,259.0,20.0,10.8,3.6,0.0,101890.0,0.0
20180504,4.0,8.4,232.0,22.8,14.1,8.1,0.0,102340.0,0.0
20180505,0.0,13.6,299.0,26.3,15.5,8.2,0.0,102520.0,0.0
20180506,0.0,13.4,298.0,28.1,17.7,9.1,0.0,102220.0,0.0
20180507,0.0,13.4,299.0,26.5,19.6,11.0,0.0,101720.0,0.0
20180508,2.0,11.4,276.0,20.8,19.1,11.8,0.0,101010.0,0.0
20180509,3.0,10.1,260.0,18.0,14.8,8.7,1.4,100910.0,0.0
20180510,5.0,9.4,252.0,18.0,13.9,9.9,0.0,101490.0,0.0
20180511,4.0,5.8,201.0,15.0,12.2,6.3,0.0,101550.0,0.0
20180512,7.0,0.5,98.0,18.6,12.7,10.3,9.2,101270.0,0.0
20180513,5.0,5.7,201.0,21.0,13.5,8.4,0.0,101510.0,0.0
20180514,1.0,11.1,278.0,23.2,14.8,8.5,0.0,102010.0,0.0
20180515,0.0,13.7,312.0,16.0,16.6,9.9,0.0,102030.0,0.0
20180516,6.0,2.1,139.0,18.0,13.8,11.7,0.0,102510.0,0.0
20180517,2.0,13.4,310.0,18.7,12.4,6.8,0.0,102730.0,0.0
20180518,2.0,12.5,300.0,22.2,12.1,5.4,0.0,102560.0,0.0
20180519,1.0,13.8,39.0,22.0,14.9,7.7,0.0,102370.0,0.0
20180520,0.0,13.8,39.0,22.7,15.1,8.1,0.0,102190.0,0.0
20180521,4.0,6.7,222.0,23.5,15.9,9.1,0.0,101620.0,0.0
20180522,2.0,13.6,39.0,19.1,17.9,12.2,0.0,101690.0,0.0
20180523,6.0,6.1,214.0,19.3,14.8,10.6,20.6,102300.0,0.0
20180524,7.0,1.1,120.0,18.8,14.9,10.5,1.0,102010.0,0.0
20180525,7.0,1.1,120.0,26.6,15.2,11.5,0.0,101820.0,0.0
20180526,6.0,8.2,247.0,27.4,20.6,14.5,10.8,101860.0,0.0
20180527,4.0,8.4,250.0,24.8,21.3,15.2,0.0,101560.0,0.0
20180528,4.0,6.8,227.0,17.9,20.2,15.6,0.0,101820.0,0.0
20180529,7.0,0.0,81.0,19.4,15.9,13.9,10.6,101630.0,0.0
20180530,7.0,0.0,82.0,23.5,16.3,13.2,0.0,101340.0,0.0
20180531,6.0,1.8,139.0,24.0,18.7,13.9,0.0,101490.0,0.0
20180601,7.0,3.0,165.0,24.4,19.9,15.8,0.0,101760.0,0.0
20180602,4.0,6.4,224.0,27.0,19.6,14.9,0.0,101830.0,0.0
20180603,2.0,9.0,263.0,19.8,20.1,13.3,0.0,101810.0,0.0
20180604,6.0,0.3,97.0,18.8,17.4,15.1,0.0,101660.0,0.0
20180605,6.0,5.4,209.0,23.0,15.4,12.1,0.0,101690.0,0.0
20180606,2.0,11.6,299.0,21.4,16.0,9.0,0.0,101560.0,0.0
20180607,8.0,0.4,102.0,23.0,17.1,12.9,0.0,101640.0,0.0
20180608,6.0,6.3,225.0,21.9,18.5,14.0,0.0,101700.0,0.0
20180609,7.0,3.9,184.0,24.0,17.5,13.1,0.0,101600.0,0.0
20180610,5.0,9.0,265.0,25.4,19.0,14.0,0.0,101470.0,0.0
20180611,3.0,12.1,37.0,18.6,18.9,12.3,0.0,101390.0,0.0
20180612,4.0,3.3,174.0,23.3,15.7,12.8,0.0,101690.0,0.0
20180613,3.0,6.9,235.0,23.9,16.4,9.4,0.0,101810.0,0.0
20180614,6.0,5.9,219.0,23.4,19.2,14.5,0.0,101220.0,0.0
20180615,4.0,9.2,269.0,20.5,17.4,11.5,0.0,101630.0,0.0
20180616,7.0,2.6,160.0,20.1,17.2,13.9,0.2,101440.0,0.0
20180617,7.0,1.2,127.0,26.6,16.6,13.1,0.2,101630.0,0.0
20180618,6.0,7.5,244.0,24.8,20.6,14.6,0.0,101880.0,0.0
20180619,7.0,2.1,149.0,26.1,21.0,17.2,0.0,102250.0,0.0
20180620,5.0,4.2,191.0,20.6,20.4,14.7,0.0,102040.0,0.0
20180621,2.0,12.1,40.0,22.9,15.7,10.7,0.0,102570.0,0.0
20180622,0.0,14.1,41.0,24.1,15.8,8.8,0.0,103020.0,0.0
20180623,3.0,10.4,285.0,26.5,17.9,11.6,0.0,102810.0,0.0
20180624,6.0,14.0,37.0,29.8,19.8,13.1,0.0,102510.0,0.0
20180625,1.0,14.4,40.0,29.1,21.9,13.9,0.0,102560.0,0.0
20180626,0.0,14.5,40.0,27.9,22.1,15.2,0.0,102600.0,0.0
20180627,2.0,10.7,289.0,28.3,20.4,13.0,0.0,102570.0,0.0
20180628,3.0,7.3,241.0,28.8,20.5,12.7,0.0,102450.0,0.0
20180629,0.0,14.1,40.0,28.8,20.9,13.1,0.0,102190.0,0.0
20180630,2.0,12.6,40.0,31.8,20.9,13.1,0.0,101620.0,0.0
20180701,2.0,10.4,284.0,30.1,23.5,15.2,0.0,101330.0,0.0
20180702,1.0,14.2,40.0,27.6,24.2,18.4,0.0,101570.0,0.0
20180703,1.0,13.5,39.0,27.0,21.5,15.4,0.0,101740.0,0.0
20180704,5.0,7.9,248.0,30.1,20.4,13.9,0.0,101520.0,0.0
20180705,3.0,9.4,269.0,30.9,23.4,16.7,0.0,101520.0,0.0
20180706,1.0,13.2,35.0,31.5,23.7,16.5,0.0,102040.0,0.0
20180707,0.0,13.0,38.0,31.0,25.0,18.5,0.0,102330.0,0.0
20180708,1.0,13.1,33.0,30.5,24.4,17.7,0.0,102530.0,0.0
20180709,4.0,8.2,251.0,22.9,24.2,17.9,0.0,102510.0,0.0
20180710,4.0,9.9,274.0,24.4,19.1,15.4,0.0,102390.0,0.0
20180711,4.0,8.1,248.0,25.1,19.1,13.9,0.0,102180.0,0.0
20180712,5.0,3.8,179.0,27.5,19.4,13.7,0.0,102150.0,0.0
20180713,6.0,5.9,214.0,28.9,21.6,15.7,0.0,102180.0,0.0
20180714,1.0,12.3,303.0,30.3,21.9,14.9,0.0,101980.0,0.0
20180715,0.0,14.2,39.0,30.0,22.8,15.2,0.0,101580.0,0.0
20180716,3.0,10.4,277.0,25.0,22.9,15.9,0.0,101330.0,0.0
20180717,4.0,8.5,251.0,26.5,19.4,13.8,0.0,101580.0,0.0
20180718,6.0,6.3,218.0,29.0,20.8,15.1,0.0,101820.0,0.0
20180719,4.0,7.3,232.0,25.2,21.6,14.2,0.0,101810.0,0.0
20180720,7.0,1.0,116.0,28.5,22.0,18.8,0.0,101440.0,0.0
20180721,6.0,6.0,212.0,28.9,22.7,16.9,0.0,101380.0,0.0
20180722,5.0,3.0,160.0,32.2,22.9,16.8,0.0,101550.0,0.0
20180723,2.0,12.2,295.0,30.2,25.6,19.0,0.0,101580.0,0.0
20180724,2.0,10.4,271.0,30.9,23.8,17.3,0.0,101430.0,0.0
20180725,1.0,11.6,286.0,35.0,24.3,17.7,0.0,101610.0,0.0
20180726,3.0,10.1,266.0,32.0,26.9,18.9,0.0,101290.0,0.0
20180727,4.0,7.3,227.0,23.0,25.9,19.9,3.2,100930.0,0.0
20180728,5.0,7.9,235.0,20.8,19.6,16.2,5.0,100650.0,0.0
20180729,8.0,0.0,73.0,24.2,18.2,15.6,1.2,100590.0,0.0
20180730,7.0,3.5,165.0,25.5,20.1,16.1,5.4,101070.0,0.0
20180731,4.0,9.9,259.0,26.5,20.7,15.9,0.0,101610.0,0.0
20180801,1.0,12.1,285.0,30.4,19.9,13.3,0.0,102100.0,0.0
20180802,0.0,13.3,298.0,32.6,22.2,14.1,0.0,102280.0,0.0
20180803,1.0,11.2,272.0,29.0,25.4,18.2,0.0,102200.0,0.0
20180804,0.0,13.2,295.0,29.8,24.3,19.6,0.0,102310.0,0.0
20180805,0.0,13.6,298.0,32.4,23.4,17.0,0.0,102250.0,0.0
20180806,1.0,13.3,293.0,31.2,24.5,16.6,0.0,101470.0,0.0
20180807,3.0,8.1,228.0,25.3,24.2,17.3,0.0,100790.0,0.0
20180808,6.0,8.9,238.0,18.4,19.9,14.4,0.4,101090.0,0.0
20180809,7.0,0.2,81.0,21.0,17.1,15.7,8.0,101380.0,0.0
20180810,4.0,5.2,184.0,22.5,15.9,10.8,2.4,101790.0,0.0
20180811,4.0,6.7,205.0,22.4,15.9,9.3,0.6,102150.0,0.0
20180812,8.0,0.0,67.0,25.2,19.4,16.3,1.6,101070.0,0.0
20180813,7.0,2.3,132.0,26.6,20.2,15.2,0.0,100740.0,0.0
20180814,4.0,3.8,158.0,25.7,19.9,13.1,0.0,101600.0,0.0
20180815,6.0,1.6,116.0,21.4,20.6,15.6,2.2,101720.0,0.0
20180816,5.0,2.3,130.0,23.7,19.5,17.6,7.8,101400.0,0.0
20180817,3.0,8.6,223.0,22.5,17.1,10.6,0.0,101950.0,0.0
20180818,7.0,0.2,76.0,28.3,18.9,15.3,0.0,102080.0,0.0
20180819,6.0,5.5,179.0,26.2,22.9,17.5,0.0,101860.0,0.0
20180820,6.0,3.9,154.0,27.3,22.2,18.3,0.0,101990.0,0.0
20180821,4.0,8.7,219.0,24.1,22.6,18.0,0.0,101900.0,0.0
20180822,6.0,0.6,87.0,22.9,19.7,15.3,1.0,101700.0,0.0
20180823,6.0,3.7,148.0,21.0,20.1,17.3,0.2,101290.0,0.0
20180824,4.0,6.3,184.0,20.0,15.8,10.7,5.4,101350.0,0.0
20180825,2.0,8.5,211.0,18.4,14.1,8.2,0.0,101490.0,0.0
20180826,8.0,0.0,60.0,19.7,14.6,10.8,11.0,100950.0,0.0
20180827,6.0,1.9,113.0,21.1,16.4,13.1,0.0,101200.0,0.0
20180828,8.0,2.1,116.0,20.1,18.4,15.6,7.6,101710.0,0.0
20180829,7.0,1.7,107.0,21.0,16.8,13.4,0.0,101600.0,0.0
20180830,5.0,8.4,202.0,22.5,15.7,10.4,0.0,102310.0,0.0
20180831,4.0,6.2,174.0,24.5,16.9,11.2,0.0,102340.0,0.0
20180901,0.0,12.2,231.0,24.8,18.1,11.8,0.0,102530.0,0.0
20180902,0.0,12.4,231.0,24.5,18.1,11.5,0.0,102410.0,0.0
20180903,2.0,8.3,187.0,20.7,18.2,11.9,0.0,102060.0,0.0
20180904,6.0,2.9,118.0,22.6,16.6,12.5,0.0,102100.0,0.0
20180905,6.0,6.1,159.0,22.6,18.2,13.8,0.0,102070.0,0.0
20180906,5.0,6.4,161.0,20.4,16.9,11.2,0.2,101640.0,0.0
20180907,2.0,10.8,207.0,21.0,14.3,8.3,0.0,101620.0,0.0
20180908,7.0,0.9,79.0,24.7,14.9,8.9,0.0,101800.0,0.0
20180909,7.0,4.1,129.0,22.7,19.6,14.4,0.0,101790.0,0.0
20180910,4.0,7.8,171.0,25.2,18.1,13.4,0.0,102100.0,0.0
20180911,6.0,1.3,85.0,15.6,20.8,16.4,3.2,101910.0,0.0
20180912,7.0,0.1,56.0,20.9,13.8,11.9,0.0,102290.0,0.0
20180913,1.0,10.4,192.0,18.6,14.3,7.7,0.0,102300.0,0.0
20180914,6.0,2.5,101.0,22.1,14.4,10.3,0.0,102100.0,0.0
20180915,4.0,6.9,154.0,24.2,16.2,10.4,0.0,102320.0,0.0
20180916,5.0,6.4,147.0,25.3,17.9,11.7,0.0,101860.0,0.0
20180917,3.0,9.5,176.0,23.5,21.3,17.3,0.0,101370.0,0.0
20180918,6.0,4.1,118.0,23.7,20.0,16.5,0.2,100890.0,0.0
20180919,7.0,4.1,117.0,21.9,20.2,16.7,0.0,101240.0,0.0
20180920,8.0,0.5,61.0,17.7,18.9,16.0,4.6,100910.0,0.0
20180921,4.0,8.9,164.0,13.3,14.2,10.6,0.6,100860.0,0.0
20180922,8.0,0.0,44.0,14.9,11.9,10.6,18.2,101760.0,0.0
20180923,5.0,3.8,108.0,16.2,11.9,9.0,2.4,101960.0,0.0
20180924,0.0,11.2,179.0,18.2,10.5,4.8,0.0,103700.0,0.0
20180925,1.0,10.5,171.0,22.8,10.8,3.3,0.0,103770.0,0.0
20180926,0.0,11.1,174.0,23.4,14.7,6.6,0.0,103260.0,0.0
20180927,1.0,11.0,171.0,17.5,15.9,8.5,0.0,102650.0,0.0
20180928,3.0,7.5,139.0,18.3,14.8,12.0,0.0,103000.0,0.0
20180929,0.0,10.1,160.0,15.4,11.8,5.3,0.0,102800.0,0.0
20180930,4.0,3.2,93.0,16.7,10.5,5.6,0.0,102040.0,0.0
20181001,4.0,7.4,133.0,20.2,11.8,6.9,0.0,102550.0,0.0
20181002,6.0,2.4,81.0,19.5,15.2,10.2,0.0,102100.0,0.0
20181003,4.0,5.2,110.0,18.3,15.6,11.6,0.0,102670.0,0.0
20181004,7.0,0.4,49.0,21.6,14.6,10.9,0.0,102450.0,0.0
20181005,7.0,3.1,86.0,10.3,17.0,12.4,0.0,101540.0,0.0
20181006,7.0,0.0,36.0,14.6,10.3,10.3,10.4,101180.0,0.0
20181007,1.0,7.9,128.0,17.3,10.1,5.6,0.0,102240.0,0.0
20181008,4.0,1.6,65.0,21.1,12.0,6.7,0.0,102110.0,0.0
20181009,1.0,10.0,141.0,24.1,15.2,9.3,0.0,101840.0,0.0
20181010,1.0,9.6,136.0,21.4,16.8,9.5,0.0,101200.0,0.0
20181011,7.0,1.7,63.0,21.5,18.1,14.9,3.0,100450.0,0.0
20181012,7.0,2.0,66.0,23.7,17.5,13.5,0.8,100960.0,0.0
20181013,5.0,4.4,89.0,13.1,20.6,17.5,6.8,100940.0,0.0
20181014,7.0,0.0,31.0,16.0,12.9,12.8,31.8,100670.0,0.0
20181015,8.0,0.0,31.0,20.4,12.9,9.8,0.2,101110.0,0.0
20181016,7.0,4.0,82.0,16.0,16.4,12.4,1.4,101580.0,0.0
20181017,8.0,0.0,30.0,16.8,13.7,11.3,0.4,101980.0,0.0
20181018,4.0,5.3,91.0,17.0,13.1,9.3,0.0,102650.0,0.0
20181019,1.0,8.5,113.0,18.6,11.1,5.1,0.0,102700.0,0.0
20181020,4.0,7.5,104.0,19.1,12.3,6.1,0.0,103080.0,0.0
20181021,2.0,8.7,111.0,13.7,13.7,8.2,0.0,102830.0,0.0
20181022,1.0,9.1,112.0,16.0,10.2,6.8,0.0,103630.0,0.0
20181023,2.0,3.3,68.0,17.9,10.9,5.8,0.0,103120.0,0.0
20181024,2.0,5.2,82.0,15.0,13.7,9.5,0.0,102840.0,0.0
20181025,5.0,5.9,86.0,11.4,10.2,5.3,1.0,102190.0,0.0
20181026,5.0,3.2,64.0,7.0,10.2,9.0,0.2,101220.0,0.0
20181027,4.0,3.8,68.0,10.7,4.7,2.3,0.6,101440.0,0.0
20181028,3.0,3.7,67.0,9.5,7.3,4.0,0.2,101800.0,0.0
20181029,2.0,7.2,90.0,9.1,5.7,1.9,0.0,100760.0,0.0
20181030,7.0,0.0,24.0,14.0,6.7,4.2,0.0,99730.0,0.0
20181031,4.0,5.9,79.0,11.5,6.7,-0.7,4.2,100660.0,0.0
20181101,7.0,0.0,23.0,11.7,8.3,5.2,4.0,100630.0,0.0
20181102,1.0,7.9,89.0,14.6,6.1,0.5,0.0,102390.0,0.0
20181103,3.0,5.5,73.0,13.6,8.7,2.7,0.0,102280.0,0.0
20181104,7.0,0.5,31.0,16.3,10.8,7.9,0.0,101060.0,0.0
20181105,6.0,1.4,40.0,15.6,12.1,7.8,0.0,100390.0,0.0
20181106,7.0,0.3,27.0,14.7,12.0,8.4,7.0,99930.0,0.0
20181107,7.0,0.9,34.0,14.4,12.9,11.2,2.8,99770.0,0.0
20181108,1.0,6.5,74.0,14.1,9.3,4.3,0.0,101360.0,0.0
20181109,6.0,1.1,35.0,15.0,9.9,5.7,8.0,100390.0,0.0
20181110,5.0,4.1,57.0,14.2,11.9,8.9,22.4,99400.0,0.0
20181111,3.0,5.5,65.0,14.8,10.0,5.8,0.6,99920.0,0.0
20181112,4.0,4.3,57.0,14.0,11.9,9.0,0.0,100920.0,0.0
20181113,2.0,5.7,64.0,14.8,10.9,7.9,0.0,102030.0,0.0
20181114,3.0,6.6,68.0,14.8,12.0,9.2,0.2,102220.0,0.0
20181115,8.0,0.1,21.0,11.0,12.0,9.2,0.0,102070.0,0.0
20181116,8.0,0.0,18.0,12.3,10.8,10.7,0.0,102500.0,0.0
20181117,3.0,6.1,63.0,11.7,9.4,6.5,0.0,102670.0,0.0
20181118,0.0,6.4,64.0,8.9,8.2,4.8,0.0,102700.0,0.0
20181119,6.0,1.7,35.0,5.5,7.3,5.7,2.8,102040.0,0.0
20181120,8.0,0.0,17.0,8.4,5.0,4.6,9.6,100870.0,0.0
20181121,5.0,3.2,44.0,6.6,4.3,0.2,0.0,101200.0,0.0
20181122,4.0,0.1,19.0,8.6,2.6,-1.3,0.2,101760.0,0.0
20181123,8.0,0.0,16.0,9.4,4.7,0.7,0.4,101390.0,0.0
20181124,8.0,0.0,16.0,8.6,8.0,6.6,0.0,100980.0,0.0
20181125,7.0,0.0,15.0,8.2,7.5,6.5,0.0,101060.0,0.0
20181126,7.0,0.0,15.0,13.2,6.2,4.2,0.0,101370.0,0.0
20181127,7.0,0.0,15.0,14.0,7.7,2.1,7.4,101360.0,0.0
20181128,8.0,0.0,15.0,13.9,8.2,2.3,3.0,100690.0,0.0
20181129,7.0,0.1,17.0,11.9,12.9,12.0,1.4,100150.0,0.0
20181130,1.0,4.9,48.0,13.9,9.0,6.1,4.0,100690.0,0.0
20181201,7.0,0.0,14.0,15.8,9.9,6.0,3.8,100330.0,0.0
20181202,7.0,1.2,25.0,13.7,12.7,9.6,0.0,99720.0,0.0
20181203,6.0,1.5,27.0,10.4,12.2,10.8,2.8,100110.0,0.0
20181204,4.0,3.0,35.0,13.1,6.0,1.5,4.0,102060.0,0.0
20181205,8.0,0.0,13.0,13.3,8.4,3.8,1.0,101410.0,0.0
20181206,8.0,0.0,13.0,12.4,11.3,9.3,4.2,101360.0,0.0
20181207,5.0,1.1,23.0,12.5,12.0,11.6,3.6,100380.0,0.0
20181208,4.0,0.7,20.0,11.0,9.7,6.8,1.6,100240.0,0.0
20181209,5.0,3.3,35.0,9.4,9.8,8.5,1.2,100930.0,0.0
20181210,7.0,0.0,12.0,9.3,6.8,4.3,0.0,102660.0,0.0
20181211,1.0,5.0,43.0,7.6,5.5,1.7,0.0,102500.0,0.0
20181212,5.0,0.2,15.0,5.5,5.5,3.4,0.0,102160.0,0.0
20181213,0.0,5.1,43.0,5.1,3.4,1.2,0.0,101800.0,0.0
20181214,6.0,2.0,28.0,8.1,1.9,-1.2,0.0,102290.0,0.0
20181215,7.0,0.0,12.0,9.4,3.9,-0.4,10.4,101230.0,0.0
20181216,3.0,1.4,24.0,10.7,5.9,2.4,4.2,100590.0,0.0
20181217,3.0,4.3,39.0,10.4,7.0,3.4,0.0,101600.0,0.0
20181218,8.0,0.0,12.0,9.9,7.6,4.8,8.6,100910.0,0.0
20181219,5.0,1.8,26.0,13.2,7.8,5.6,0.8,100450.0,0.0
20181220,6.0,1.9,27.0,12.9,9.5,5.8,7.0,100580.0,0.0
20181221,8.0,0.3,16.0,12.0,10.1,7.2,0.4,100120.0,0.0
20181222,4.0,1.5,25.0,13.2,10.4,8.8,3.8,101540.0,0.0
20181223,8.0,0.0,12.0,8.3,9.8,6.5,2.8,101780.0,0.0
20181224,5.0,2.1,28.0,8.6,6.5,4.7,0.2,103180.0,0.0
20181225,7.0,0.0,12.0,9.6,4.9,1.2,0.2,103440.0,0.0
20181226,8.0,0.0,12.0,7.9,6.8,4.0,0.0,103060.0,0.0
20181227,6.0,2.5,31.0,10.8,5.4,2.9,0.0,102650.0,0.0
20181228,8.0,1.4,24.0,12.3,6.9,3.0,0.0,103050.0,0.0
20181229,7.0,0.0,12.0,10.4,9.8,7.3,0.0,103240.0,0.0
20181230,8.0,0.0,12.0,10.1,8.4,6.5,0.0,103520.0,0.0
20181231,8.0,0.0,13.0,10.7,9.4,8.8,0.0,103580.0,0.0
20190101,7.0,0.5,19.0,6.4,7.8,4.8,0.0,103570.0,0.0
20190102,7.0,0.0,13.0,5.5,5.0,3.7,0.0,104310.0,0.0
20190103,8.0,0.0,13.0,4.6,4.9,4.3,0.0,104320.0,0.0
20190104,5.0,4.7,43.0,6.4,3.0,1.4,0.0,104230.0,0.0
20190105,8.0,0.0,13.0,10.0,4.0,1.6,0.0,103920.0,0.0
20190106,8.0,0.2,16.0,11.1,7.1,4.2,0.0,103680.0,0.0
20190107,8.0,0.0,13.0,9.3,8.6,6.0,0.0,103230.0,0.0
20190108,1.0,5.1,46.0,5.9,7.7,6.1,0.0,102810.0,0.0
20190109,3.0,3.1,37.0,7.3,3.9,1.9,0.0,102970.0,0.0
20190110,7.0,0.0,14.0,9.1,3.8,0.2,0.0,103060.0,0.0
20190111,7.0,0.2,17.0,11.0,5.3,1.6,0.0,103020.0,0.0
20190112,8.0,0.0,14.0,11.7,8.7,6.4,0.0,102320.0,0.0
20190113,8.0,0.1,16.0,9.8,10.2,8.6,0.0,101440.0,0.0
20190114,6.0,1.8,31.0,9.7,8.6,7.4,0.0,102030.0,0.0
20190115,6.0,0.1,17.0,9.9,5.5,1.4,0.2,101940.0,0.0
20190116,7.0,0.0,15.0,5.1,8.1,6.2,5.2,100590.0,0.0
20190117,4.0,6.1,56.0,7.1,3.6,2.1,0.0,101130.0,0.0
20190118,7.0,0.8,25.0,5.5,2.9,-1.4,0.0,101630.0,0.0
20190119,8.0,0.0,16.0,5.7,3.0,0.6,0.0,100980.0,0.0
20190120,2.0,5.7,56.0,6.4,2.1,-1.4,0.0,101790.0,0.0
20190121,7.0,0.3,21.0,6.6,2.1,-2.2,5.4,102120.0,0.0
20190122,5.0,4.0,48.0,3.4,3.8,1.0,4.8,100210.0,0.0
20190123,6.0,1.6,33.0,5.4,1.6,-0.1,0.2,100270.0,0.0
20190124,8.0,0.0,17.0,12.4,1.3,-2.8,1.0,101170.0,0.0
20190125,6.0,2.8,43.0,10.8,6.1,-0.2,0.0,101400.0,0.0
20190126,7.0,0.3,23.0,6.7,7.8,4.7,5.8,100250.0,0.0
20190127,6.0,1.9,38.0,6.0,5.2,3.7,1.0,99190.0,0.0
20190128,0.0,7.0,69.0,6.5,3.6,1.3,0.0,100590.0,0.0
20190129,7.0,0.4,25.0,6.2,1.9,-2.6,5.0,100140.0,0.0
20190130,2.0,6.3,68.0,4.4,2.2,-1.7,0.0,99570.0,0.0
20190131,4.0,3.4,51.0,2.6,-0.4,-5.2,4.6,99140.0,0.0
20190201,8.0,0.0,19.0,5.2,-0.1,-2.8,5.2,98780.0,2.0
20190202,6.0,5.7,67.0,7.4,2.9,0.5,0.0,100690.0,0.0
20190203,2.0,7.0,76.0,9.7,2.3,-2.8,5.0,102300.0,0.0
20190204,7.0,0.0,20.0,9.5,4.2,-1.2,0.2,101850.0,0.0
20190205,8.0,0.0,21.0,11.5,7.2,5.0,4.2,102310.0,0.0
20190206,7.0,0.7,32.0,10.5,8.6,5.7,4.0,101630.0,0.0
20190207,6.0,5.3,70.0,11.1,8.3,6.1,1.2,100610.0,0.0
20190208,7.0,0.0,22.0,10.8,8.8,6.4,7.0,99910.0,0.0
20190209,4.0,3.7,61.0,8.0,8.7,6.5,2.0,100040.0,0.0
20190210,6.0,0.9,37.0,9.2,6.8,5.7,1.0,99780.0,0.0
20190211,4.0,4.2,66.0,12.3,5.5,1.8,0.0,102340.0,0.0
20190212,5.0,2.6,54.0,12.9,6.9,1.5,0.0,103320.0,0.0
20190213,4.0,2.7,56.0,13.9,8.8,4.8,0.0,103310.0,0.0
20190214,1.0,8.4,98.0,14.4,7.2,0.4,0.2,103190.0,0.0
20190215,0.0,8.4,99.0,11.9,7.7,1.0,0.0,102700.0,0.0
20190216,6.0,0.0,25.0,15.1,7.5,3.1,0.0,102270.0,0.0
20190217,3.0,5.8,84.0,9.7,9.4,3.7,0.0,101600.0,0.0
20190218,6.0,0.0,26.0,12.5,8.4,7.2,2.8,101540.0,0.0
20190219,4.0,5.3,83.0,13.3,7.2,1.9,0.0,101860.0,0.0
20190220,6.0,3.8,72.0,15.3,9.4,5.5,0.0,102000.0,0.0
20190221,4.0,5.4,86.0,15.3,10.8,6.2,0.0,102640.0,0.0
20190222,5.0,5.9,91.0,16.7,10.7,6.0,0.0,103450.0,0.0
20190223,0.0,6.3,96.0,16.8,11.5,6.3,0.0,103380.0,0.0
20190224,0.0,9.1,118.0,19.4,9.8,2.8,0.0,103550.0,0.0
20190225,0.0,9.5,122.0,20.1,10.3,1.2,0.0,103620.0,0.0
20190226,0.0,9.6,124.0,19.2,11.1,2.0,0.0,103240.0,0.0
20190227,0.0,9.2,123.0,13.1,10.8,2.4,0.0,102480.0,0.0
20190228,6.0,0.7,46.0,11.2,8.9,4.7,1.4,101590.0,0.0
20190301,7.0,0.1,39.0,15.1,9.8,8.3,0.0,101810.0,0.0
20190302,7.0,2.3,74.0,12.7,11.3,7.5,2.6,101010.0,0.0
20190303,7.0,0.0,36.0,10.7,10.8,9.0,5.0,99830.0,0.0
20190304,6.0,3.4,89.0,12.2,7.2,3.8,0.6,99440.0,0.0
20190305,5.0,5.6,113.0,12.6,7.7,3.1,5.0,100240.0,0.0
20190306,8.0,0.0,38.0,12.5,9.8,7.0,0.4,98970.0,0.0
20190307,6.0,4.0,99.0,10.6,9.0,5.5,0.2,99270.0,0.0
20190308,4.0,3.4,94.0,13.6,6.7,2.8,1.2,100990.0,0.0
20190309,6.0,3.4,95.0,10.8,10.2,6.9,8.2,101230.0,0.0
20190310,6.0,6.0,125.0,11.4,8.1,5.3,3.0,100910.0,0.0
20190311,3.0,8.3,149.0,9.8,6.7,2.0,0.6,102290.0,0.0
20190312,6.0,1.5,73.0,12.0,7.8,5.9,7.8,100700.0,0.0
20190313,7.0,2.6,90.0,14.9,8.0,4.0,4.2,100800.0,0.0
20190314,6.0,4.0,109.0,14.7,10.9,7.0,4.6,100610.0,0.0
20190315,8.0,1.2,71.0,12.5,11.9,9.1,0.0,100720.0,0.0
20190316,8.0,0.0,44.0,10.4,11.4,10.3,4.4,100250.0,0.0
20190317,4.0,6.3,139.0,11.6,7.1,3.8,1.8,100530.0,0.0
20190318,6.0,3.8,111.0,13.0,7.5,3.4,0.0,102050.0,0.0
20190319,8.0,0.5,61.0,13.0,9.6,6.2,0.0,102730.0,0.0
20190320,8.0,0.0,46.0,14.6,10.6,8.2,0.0,103230.0,0.0
20190321,8.0,0.1,52.0,11.0,11.7,8.8,0.0,103300.0,0.0
20190322,8.0,0.0,48.0,13.9,9.9,8.9,0.0,102880.0,0.0
20190323,6.0,1.6,85.0,14.9,10.5,7.1,0.0,103140.0,0.0
20190324,2.0,10.6,195.0,13.1,9.1,3.3,0.0,103060.0,0.0
20190325,2.0,11.1,202.0,14.7,9.2,5.2,0.0,103180.0,0.0
20190326,2.0,8.1,173.0,13.4,8.1,1.5,0.0,103420.0,0.0
20190327,6.0,2.4,102.0,16.1,9.0,4.6,0.0,103520.0,0.0
20190328,5.0,5.3,144.0,17.6,11.6,7.1,0.0,103570.0,0.0
20190329,0.0,11.4,213.0,19.1,10.2,2.7,0.0,102900.0,0.0
20190330,3.0,8.2,181.0,13.1,11.9,4.7,0.0,102130.0,0.0
20190331,4.0,3.8,128.0,14.5,10.7,8.2,0.0,102460.0,0.0
20190401,2.0,11.4,219.0,9.8,9.2,3.9,0.0,101980.0,0.0
20190402,5.0,2.1,104.0,10.9,6.6,3.4,4.4,100440.0,0.0
20190403,5.0,4.2,137.0,10.3,5.9,0.9,0.8,99880.0,0.0
20190404,7.0,1.6,97.0,14.3,5.7,1.1,1.4,99510.0,0.0
20190405,6.0,2.8,118.0,11.6,9.8,5.4,0.0,100190.0,0.0
20190406,6.0,0.5,75.0,11.7,8.9,6.3,0.0,100540.0,0.0
20190407,7.0,0.0,58.0,12.7,8.9,6.1,0.2,100830.0,0.0
20190408,8.0,0.2,68.0,11.7,10.1,7.5,2.8,101100.0,0.0
20190409,7.0,0.0,59.0,13.1,9.9,8.2,1.8,101410.0,0.0
20190410,3.0,11.8,240.0,12.6,8.8,4.6,0.0,101890.0,0.0
20190411,1.0,12.5,249.0,10.7,6.8,1.1,0.0,102570.0,0.0
20190412,5.0,3.6,139.0,9.9,6.0,1.3,0.0,102690.0,0.0
20190413,3.0,6.6,182.0,11.4,5.2,0.6,0.0,102730.0,0.0
20190414,3.0,8.0,202.0,15.3,5.5,-0.3,0.0,102540.0,0.0
20190415,4.0,11.0,239.0,16.4,9.8,4.2,0.0,101980.0,0.0
20190416,7.0,1.4,103.0,19.2,11.7,6.9,0.0,101520.0,0.0
20190417,2.0,9.6,226.0,21.8,12.9,6.7,0.0,101890.0,0.0
20190418,7.0,11.0,244.0,24.0,14.8,7.8,0.0,102300.0,0.0
20190419,0.0,12.3,261.0,24.7,16.4,8.7,0.0,102820.0,0.0
20190420,0.0,12.9,269.0,24.6,16.4,8.2,0.0,102940.0,0.0
20190421,0.0,12.8,270.0,25.0,16.1,7.7,0.0,102000.0,0.0
20190422,4.0,7.5,206.0,21.9,16.8,8.5,0.0,100590.0,0.0
20190423,4.0,1.5,111.0,18.3,17.4,12.8,0.0,99710.0,0.0
20190424,7.0,2.3,128.0,17.3,14.2,10.1,0.6,99380.0,0.0
20190425,5.0,3.1,143.0,17.6,12.7,8.1,0.0,99870.0,0.0
20190426,5.0,4.9,173.0,13.3,11.6,5.6,0.8,100900.0,0.0
20190427,7.0,1.2,107.0,14.8,10.2,7.2,0.0,100990.0,0.0
20190428,8.0,1.1,106.0,16.1,10.9,7.1,0.0,102010.0,0.0
20190429,7.0,2.7,139.0,18.2,10.8,5.4,0.0,102590.0,0.0
20190430,3.0,9.5,242.0,18.5,12.1,5.9,0.0,102440.0,0.0
20190501,6.0,3.8,161.0,16.7,12.5,6.5,0.0,101890.0,0.0
20190502,6.0,4.7,176.0,15.5,12.9,9.1,1.4,101410.0,0.0
20190503,7.0,1.9,127.0,11.6,11.4,7.4,1.8,101470.0,0.0
20190504,4.0,9.5,247.0,12.7,8.4,5.2,0.2,101960.0,0.0
20190505,5.0,4.3,172.0,13.1,7.7,2.7,0.0,102580.0,0.0
20190506,7.0,2.0,131.0,17.5,9.1,5.1,0.0,102200.0,0.0
20190507,7.0,6.9,214.0,15.7,11.8,6.2,7.4,101390.0,0.0
20190508,7.0,1.8,128.0,15.8,12.1,8.4,10.8,99570.0,0.0
20190509,6.0,1.9,131.0,16.4,10.9,6.1,9.2,99750.0,0.0
20190510,5.0,4.9,186.0,16.8,10.6,4.7,0.0,100880.0,0.0
20190511,6.0,4.6,182.0,18.1,12.4,8.1,2.2,101990.0,0.0
20190512,1.0,11.3,279.0,17.8,11.4,4.7,0.0,103590.0,0.0
20190513,0.0,13.7,310.0,18.8,11.5,5.2,0.0,103930.0,0.0
20190514,0.0,14.0,314.0,20.7,12.7,6.6,0.0,103380.0,0.0
20190515,0.0,12.9,302.0,19.0,13.8,6.9,0.0,102690.0,0.0
20190516,4.0,11.7,288.0,14.8,13.2,7.4,0.0,101740.0,0.0
20190517,7.0,0.5,100.0,17.2,11.6,8.4,0.0,100910.0,0.0
20190518,7.0,0.7,106.0,18.6,13.4,9.7,0.0,100680.0,0.0
20190519,6.0,0.3,94.0,20.4,13.4,8.2,0.0,100970.0,0.0
20190520,6.0,3.1,161.0,20.9,16.3,12.2,0.0,101270.0,0.0
20190521,1.0,11.9,294.0,22.5,15.2,9.6,0.0,101810.0,0.0
20190522,5.0,9.4,262.0,24.7,16.4,10.4,0.0,101960.0,0.0
20190523,4.0,10.8,281.0,22.6,16.9,9.0,0.0,101630.0,0.0
20190524,4.0,7.6,237.0,24.2,16.7,10.8,0.0,101720.0,0.0
20190525,7.0,4.5,189.0,21.2,19.1,13.9,0.0,101820.0,0.0
20190526,7.0,1.7,135.0,20.0,17.6,14.0,0.0,101350.0,0.0
20190527,5.0,4.0,181.0,18.4,14.5,9.0,0.2,101040.0,0.0
20190528,6.0,4.7,193.0,19.2,13.8,9.1,0.0,101270.0,0.0
20190529,7.0,0.3,97.0,24.8,14.2,9.2,2.8,101860.0,0.0
20190530,7.0,4.6,192.0,20.7,17.9,11.1,0.0,102100.0,0.0
20190531,6.0,2.3,149.0,27.6,17.5,14.3,0.0,102350.0,0.0
20190601,3.0,11.5,296.0,27.3,19.1,10.5,0.0,101920.0,0.0
20190602,6.0,7.1,235.0,22.0,21.1,14.9,0.0,101010.0,0.0
20190603,3.0,6.8,231.0,17.5,16.3,10.6,0.0,101240.0,0.0
20190604,7.0,0.8,115.0,19.8,13.8,10.1,1.6,100600.0,0.0
20190605,6.0,4.6,196.0,21.0,15.8,11.8,0.0,100590.0,0.0
20190606,3.0,11.9,303.0,19.3,14.8,8.7,1.4,101010.0,0.0
20190607,7.0,1.5,134.0,20.3,15.2,11.0,7.4,100240.0,0.0
20190608,5.0,7.6,244.0,21.0,15.6,10.9,0.0,101140.0,0.0
20190609,5.0,6.4,226.0,14.8,14.8,8.6,3.2,102040.0,0.0
20190610,8.0,0.0,80.0,18.4,13.1,11.4,31.8,101460.0,0.0
20190611,8.0,0.8,116.0,16.1,13.9,9.5,0.0,101150.0,0.0
20190612,8.0,1.7,140.0,16.1,13.6,11.0,17.2,100970.0,0.0
20190613,8.0,0.0,81.0,20.1,13.8,11.4,4.8,100580.0,0.0
20190614,7.0,5.3,209.0,20.0,15.9,11.7,0.0,101020.0,0.0
20190615,7.0,3.7,181.0,21.4,15.8,11.5,0.8,101280.0,0.0
20190616,6.0,4.7,199.0,22.7,14.9,8.4,1.2,101660.0,0.0
20190617,4.0,9.3,270.0,19.7,17.0,11.3,0.0,101750.0,0.0
20190618,7.0,2.4,156.0,19.5,15.3,11.0,2.2,101390.0,0.0
20190619,8.0,0.1,89.0,20.5,16.8,14.1,7.4,100800.0,0.0
20190620,6.0,6.5,229.0,22.4,16.4,12.3,0.0,101260.0,0.0
20190621,3.0,9.8,277.0,23.8,15.6,8.8,0.0,101940.0,0.0
20190622,1.0,11.9,38.0,24.9,16.8,9.7,0.0,102090.0,0.0
20190623,6.0,1.0,122.0,24.5,18.7,12.5,0.0,101680.0,0.0
20190624,7.0,1.7,140.0,23.9,20.9,17.2,2.8,101560.0,0.0
20190625,8.0,1.0,122.0,22.2,20.9,17.8,0.0,101890.0,0.0
20190626,8.0,3.5,178.0,24.6,18.8,15.4,0.0,102720.0,0.0
20190627,2.0,13.3,40.0,24.7,18.8,13.0,0.0,102870.0,0.0
20190628,2.0,12.7,39.0,34.0,19.1,13.4,0.0,102420.0,0.0
20190629,1.0,13.6,39.0,25.1,24.3,14.6,0.0,101500.0,0.0
20190630,3.0,8.9,263.0,22.5,19.9,14.6,0.0,101610.0,0.0
20190701,3.0,7.4,241.0,23.2,17.9,13.3,0.0,102040.0,0.0
20190702,3.0,9.6,273.0,24.4,17.0,10.8,0.0,102500.0,0.0
20190703,3.0,10.9,290.0,26.7,18.6,12.9,0.0,102650.0,0.0
20190704,1.0,14.1,36.0,27.6,19.4,12.0,0.0,102460.0,0.0
20190705,6.0,8.5,256.0,23.6,21.6,15.7,0.0,101850.0,0.0
20190706,5.0,4.7,197.0,21.5,19.1,14.6,4.6,101370.0,0.0
20190707,7.0,3.0,166.0,23.9,17.8,14.1,2.0,101670.0,0.0
20190708,7.0,4.8,198.0,25.8,18.2,12.5,0.0,102070.0,0.0
20190709,8.0,1.8,140.0,26.7,20.6,15.3,0.0,102090.0,0.0
20190710,7.0,3.1,167.0,27.3,21.7,16.7,0.0,101800.0,0.0
20190711,7.0,7.9,245.0,25.5,21.8,16.3,0.0,101290.0,0.0
20190712,5.0,9.2,263.0,23.7,21.3,17.1,0.0,101510.0,0.0
20190713,4.0,5.0,200.0,21.9,19.1,14.5,0.6,102160.0,0.0
20190714,5.0,2.5,153.0,22.9,18.0,14.1,0.0,102320.0,0.0
20190715,4.0,6.1,217.0,27.3,17.4,11.8,0.0,102260.0,0.0
20190716,0.0,13.1,36.0,26.4,19.5,11.7,0.0,101910.0,0.0
20190717,5.0,6.6,223.0,24.8,19.9,13.5,3.0,101410.0,0.0
20190718,6.0,2.5,152.0,19.9,20.2,15.6,0.0,101050.0,0.0
20190719,7.0,0.0,77.0,25.6,16.3,12.7,17.4,101120.0,0.0
20190720,5.0,6.9,226.0,24.6,20.5,15.4,0.0,100890.0,0.0
20190721,3.0,5.7,207.0,27.9,18.8,13.0,0.0,102020.0,0.0
20190722,5.0,7.1,228.0,33.6,22.1,16.4,0.0,102170.0,0.0
20190723,0.0,13.2,307.0,32.8,24.6,15.7,0.8,101730.0,0.0
20190724,2.0,12.2,294.0,37.9,26.4,20.0,0.0,101210.0,0.0
20190725,2.0,9.5,259.0,25.7,28.8,19.7,3.8,101020.0,0.0
20190726,8.0,0.7,105.0,20.3,22.2,18.7,14.4,101050.0,0.0
20190727,8.0,0.0,74.0,24.3,18.2,16.1,0.4,100710.0,0.0
20190728,6.0,1.3,120.0,26.2,19.9,15.5,0.0,100600.0,0.0
20190729,4.0,11.4,280.0,19.9,19.7,13.2,0.0,100880.0,0.0
20190730,6.0,1.5,124.0,24.9,18.4,17.0,3.8,100510.0,0.0
20190731,7.0,4.2,176.0,26.0,20.6,16.3,0.0,101230.0,0.0
20190801,6.0,5.7,199.0,25.8,20.3,14.6,0.0,101710.0,0.0
20190802,4.0,6.6,212.0,24.7,20.6,15.5,0.0,101910.0,0.0
20190803,4.0,3.0,153.0,27.4,19.8,14.8,0.0,101880.0,0.0
20190804,6.0,0.5,95.0,26.5,21.2,15.0,0.2,101340.0,0.0
20190805,5.0,4.8,182.0,25.0,21.2,16.0,0.2,100980.0,0.0
20190806,5.0,5.9,198.0,24.9,20.1,15.3,0.0,100780.0,0.0
20190807,5.0,5.3,188.0,24.5,19.6,14.2,1.2,100670.0,0.0
20190808,5.0,5.4,189.0,25.0,18.9,13.4,3.2,100960.0,0.0
20190809,6.0,3.8,162.0,23.6,21.3,17.6,1.8,100090.0,0.0
20190810,6.0,5.6,190.0,23.2,20.1,16.6,1.4,100420.0,0.0
20190811,3.0,7.2,212.0,19.5,19.1,15.1,0.0,101120.0,0.0
20190812,6.0,1.3,112.0,23.4,16.2,12.9,1.4,101460.0,0.0
20190813,4.0,9.8,243.0,19.4,16.6,9.8,3.2,101740.0,0.0
20190814,8.0,0.1,74.0,23.5,16.6,13.9,8.6,101240.0,0.0
20190815,4.0,7.0,204.0,19.2,18.8,14.0,0.0,101230.0,0.0
20190816,6.0,0.0,65.0,24.1,15.9,12.7,5.6,101120.0,0.0
20190817,5.0,7.5,209.0,22.5,19.6,15.0,1.0,100460.0,0.0
20190818,6.0,3.7,153.0,22.4,18.6,14.6,4.8,100550.0,0.0
20190819,3.0,7.5,206.0,22.8,17.2,12.1,0.6,101410.0,0.0
20190820,2.0,9.9,235.0,23.6,16.8,10.7,0.0,102280.0,0.0
20190821,2.0,8.4,215.0,25.1,17.1,10.6,0.0,102650.0,0.0
20190822,3.0,9.0,221.0,27.7,18.6,12.2,0.0,102470.0,0.0
20190823,0.0,12.2,256.0,30.7,20.4,13.2,0.0,102400.0,0.0
20190824,2.0,11.1,243.0,33.3,21.9,13.0,0.0,101910.0,0.0
20190825,2.0,11.0,240.0,33.2,24.8,16.3,0.0,101780.0,0.0
20190826,0.0,12.0,249.0,33.4,24.9,16.5,0.0,101740.0,0.0
20190827,1.0,10.4,230.0,26.6,24.9,16.3,0.4,101410.0,0.0
20190828,7.0,3.3,136.0,24.7,22.3,18.0,0.0,101380.0,0.0
20190829,3.0,8.9,210.0,24.8,17.8,10.8,0.0,101950.0,0.0
20190830,2.0,8.6,205.0,24.9,19.1,13.4,0.0,102050.0,0.0
20190831,3.0,5.7,167.0,21.6,18.6,12.3,0.0,101260.0,0.0
20190901,3.0,8.6,193.0,23.6,16.4,11.3,0.0,101800.0,0.0
20190902,4.0,7.1,175.0,22.8,16.1,8.7,0.0,102360.0,0.0
20190903,7.0,2.5,113.0,21.1,19.1,15.3,7.2,102260.0,0.0
20190904,6.0,7.0,171.0,18.7,17.9,14.6,0.0,101570.0,0.0
20190905,3.0,8.5,186.0,18.8,15.3,11.9,0.0,102490.0,0.0
20190906,4.0,0.7,77.0,17.8,14.1,9.3,0.0,102230.0,0.0
20190907,6.0,2.8,113.0,18.6,14.6,11.3,0.0,102340.0,0.0
20190908,2.0,8.6,183.0,16.1,12.3,6.1,0.0,102340.0,0.0
20190909,8.0,0.0,52.0,21.9,13.9,11.8,0.0,101360.0,0.0
20190910,5.0,5.4,144.0,21.8,15.9,9.9,0.0,101870.0,0.0
20190911,7.0,0.5,68.0,25.7,17.6,13.5,0.0,102020.0,0.0
20190912,6.0,3.3,115.0,22.6,18.9,12.0,0.0,102700.0,0.0
20190913,2.0,11.8,205.0,24.0,18.1,13.5,0.0,103390.0,0.0
20190914,0.0,10.9,195.0,26.6,16.6,9.1,0.0,103210.0,0.0
20190915,0.0,10.0,185.0,20.6,18.2,9.8,0.2,102430.0,0.0
20190916,8.0,0.0,47.0,20.0,18.0,15.4,0.6,102210.0,0.0
20190917,1.0,11.4,194.0,20.0,14.8,9.6,0.0,102540.0,0.0
20190918,0.0,11.1,189.0,22.2,13.9,7.8,0.0,102960.0,0.0
20190919,0.0,10.5,182.0,22.4,15.1,7.9,0.0,103080.0,0.0
20190920,0.0,10.8,183.0,26.4,15.8,9.3,0.0,102510.0,0.0
20190921,0.0,10.6,179.0,23.9,19.1,11.8,0.2,101220.0,0.0
20190922,6.0,0.4,58.0,20.1,20.6,17.3,1.6,100440.0,0.0
20190923,6.0,3.3,102.0,20.5,16.8,13.5,18.8,100970.0,0.0
20190924,7.0,1.8,81.0,22.2,17.9,15.2,12.6,100170.0,0.0
20190925,7.0,2.6,91.0,20.9,18.4,14.6,3.6,100050.0,0.0
20190926,6.0,1.7,78.0,19.0,18.2,15.5,0.8,100290.0,0.0
20190927,3.0,4.1,107.0,19.7,16.1,13.2,1.2,100410.0,0.0
20190928,6.0,0.3,51.0,19.8,15.8,12.0,4.6,100800.0,0.0
20190929,7.0,0.3,50.0,17.8,16.9,13.9,4.4,99800.0,0.0
20190930,6.0,0.2,47.0,21.1,13.8,9.7,7.2,100860.0,0.0
20191001,7.0,2.8,87.0,14.4,17.4,13.6,9.4,100020.0,0.0
20191002,1.0,7.9,136.0,15.3,10.6,6.7,0.0,101770.0,0.0
20191003,5.0,0.2,45.0,15.7,9.7,4.0,1.8,101640.0,0.0
20191004,6.0,0.2,44.0,16.3,12.1,8.4,0.4,100550.0,0.0
20191005,8.0,0.0,36.0,17.3,13.8,11.4,16.0,101390.0,0.0
20191006,7.0,4.7,101.0,16.9,14.4,11.6,1.0,101110.0,0.0
20191007,8.0,0.5,49.0,17.9,13.6,10.2,1.8,101420.0,0.0
20191008,5.0,2.5,76.0,16.3,15.0,12.1,3.4,100700.0,0.0
20191009,6.0,4.2,92.0,17.5,13.4,10.5,0.2,100530.0,0.0
20191010,4.0,3.8,87.0,17.2,12.9,8.3,3.6,101100.0,0.0
20191011,8.0,0.0,33.0,16.4,15.3,13.4,7.0,100650.0,0.0
20191012,8.0,0.0,32.0,17.3,13.5,10.6,12.4,100810.0,0.0
20191013,7.0,1.1,54.0,16.0,14.1,10.9,4.0,100450.0,0.0
20191014,8.0,0.0,31.0,17.5,13.2,10.3,3.6,100550.0,0.0
20191015,6.0,1.7,60.0,16.3,14.1,10.7,0.8,100410.0,0.0
20191016,6.0,3.0,73.0,15.4,13.0,9.7,0.0,100310.0,0.0
20191017,5.0,2.7,69.0,15.6,11.8,8.2,10.2,100540.0,0.0
20191018,5.0,4.6,85.0,15.8,12.4,9.3,2.4,99950.0,0.0
20191019,3.0,6.7,100.0,12.1,12.7,9.5,0.6,100100.0,0.0
20191020,5.0,1.4,52.0,13.3,8.3,4.6,0.2,101050.0,0.0
20191021,8.0,0.0,28.0,16.0,11.1,8.8,0.4,101850.0,0.0
20191022,2.0,7.6,102.0,14.6,11.2,6.5,0.0,102320.0,0.0
20191023,6.0,0.2,33.0,12.5,9.4,4.2,0.2,101350.0,0.0
20191024,7.0,0.0,26.0,16.9,10.4,8.3,5.6,100560.0,0.0
20191025,7.0,0.0,26.0,16.9,13.2,9.5,0.4,101120.0,0.0
20191026,8.0,0.0,25.0,12.0,14.6,12.2,4.2,100850.0,0.0
20191027,2.0,5.3,80.0,11.0,8.0,4.0,0.0,102330.0,0.0
20191028,4.0,3.5,65.0,11.5,6.0,1.1,0.0,102490.0,0.0
20191029,8.0,0.1,27.0,12.9,8.6,5.7,0.0,102510.0,0.0
20191030,5.0,4.4,70.0,13.3,9.9,7.0,0.0,102400.0,0.0
20191031,5.0,4.9,72.0,16.2,9.9,6.5,3.2,101880.0,0.0
20191101,8.0,0.0,23.0,14.0,11.8,7.4,1.4,99920.0,0.0
20191102,7.0,0.3,29.0,12.4,12.0,10.0,4.2,98080.0,0.0
20191103,4.0,1.8,46.0,12.8,9.2,6.0,2.0,98170.0,0.0
20191104,4.0,1.2,39.0,13.0,10.1,7.3,0.0,98410.0,0.0
20191105,8.0,0.6,32.0,9.6,9.6,6.1,1.2,99700.0,0.0
20191106,5.0,3.3,55.0,11.2,6.5,3.3,9.2,100360.0,0.0
20191107,4.0,6.0,72.0,9.0,8.4,5.6,0.0,99320.0,0.0
20191108,5.0,0.1,23.0,7.8,4.3,-0.3,0.2,100620.0,0.0
20191109,6.0,0.4,27.0,11.1,4.1,0.4,12.4,100600.0,0.0
20191110,5.0,6.3,70.0,10.0,6.3,1.6,2.4,101060.0,0.0
20191111,5.0,3.5,53.0,9.0,7.3,4.7,0.0,100240.0,0.0
20191112,5.0,2.7,46.0,10.1,6.1,3.2,1.8,99900.0,0.0
20191113,4.0,3.3,50.0,9.8,6.4,2.7,17.2,99830.0,0.0
20191114,7.0,2.6,44.0,8.9,6.8,3.8,0.2,99490.0,0.0
20191115,8.0,0.0,18.0,8.2,6.5,4.0,1.6,100300.0,0.0
20191116,8.0,0.7,28.0,8.7,6.5,4.7,0.0,100610.0,0.0
20191117,7.0,2.1,39.0,9.5,5.1,1.5,0.0,101120.0,0.0
20191118,3.0,3.8,49.0,7.1,6.0,2.6,0.0,101590.0,0.0
20191119,6.0,0.0,17.0,8.0,2.5,-2.1,0.0,101680.0,0.0
20191120,3.0,0.8,27.0,7.6,4.2,0.4,0.0,101210.0,0.0
20191121,8.0,0.0,16.0,9.9,4.8,2.0,4.2,100330.0,0.0
20191122,7.0,0.7,26.0,10.8,6.8,3.6,1.0,99530.0,0.0
20191123,7.0,0.0,16.0,11.8,9.2,7.6,3.4,99370.0,0.0
20191124,7.0,0.1,18.0,11.8,8.8,5.9,0.0,100300.0,0.0
20191125,8.0,0.0,15.0,13.6,10.1,8.4,2.0,100210.0,0.0
20191126,7.0,0.0,15.0,11.9,11.6,9.5,5.2,99480.0,0.0
20191127,8.0,1.2,28.0,10.1,10.6,9.2,3.0,98400.0,0.0
20191128,8.0,0.3,20.0,7.9,9.0,7.9,2.0,99560.0,0.0
20191129,2.0,5.7,53.0,7.1,5.3,2.8,0.2,101550.0,0.0
20191130,3.0,3.8,43.0,7.5,3.1,-0.8,0.0,102150.0,0.0
20191201,3.0,1.3,26.0,7.6,4.8,2.0,0.0,102360.0,0.0
20191202,1.0,5.5,48.0,10.0,3.4,-0.8,0.2,103110.0,0.0
20191203,5.0,2.9,35.0,9.0,5.2,0.4,0.0,102770.0,0.0
20191204,1.0,5.4,47.0,12.1,4.6,0.2,0.2,102110.0,0.0
20191205,7.0,0.5,19.0,13.8,5.4,-1.3,3.8,101880.0,0.0
20191206,7.0,0.1,15.0,11.9,8.3,2.8,0.2,100640.0,0.0
20191207,7.0,0.3,17.0,11.2,9.3,6.8,2.0,101220.0,0.0
20191208,5.0,1.7,27.0,9.7,10.0,8.8,0.0,99950.0,0.0
20191209,3.0,4.1,39.0,11.9,8.1,6.5,0.0,100930.0,0.0
20191210,6.0,0.0,12.0,8.4,5.8,-0.2,3.6,101430.0,0.0
20191211,2.0,2.6,31.0,9.4,6.0,3.5,0.2,100500.0,0.0
20191212,6.0,0.0,12.0,8.6,5.0,0.6,11.0,98920.0,0.0
20191213,7.0,2.0,28.0,9.1,6.7,4.7,2.0,97920.0,0.0
20191214,4.0,2.6,31.0,10.3,6.5,3.9,10.8,98950.0,0.0
20191215,4.0,4.0,38.0,9.0,7.5,4.8,8.4,99510.0,0.0
20191216,7.0,0.0,12.0,7.8,6.7,4.3,4.4,99980.0,0.0
20191217,8.0,0.0,12.0,12.0,7.0,6.2,1.4,100050.0,0.0
20191218,5.0,1.2,23.0,13.6,6.4,0.8,9.0,100760.0,0.0
20191219,8.0,0.4,17.0,10.8,9.7,5.7,13.0,99620.0,0.0
20191220,6.0,0.5,18.0,10.7,9.6,8.3,8.0,98110.0,0.0
20191221,7.0,1.9,27.0,9.6,7.5,4.2,7.2,97900.0,0.0
20191222,6.0,2.2,29.0,10.9,8.3,7.1,0.0,98480.0,0.0
20191223,4.0,4.1,38.0,12.3,8.1,5.2,1.2,100710.0,0.0
20191224,5.0,2.0,28.0,9.0,9.8,7.2,0.2,100850.0,0.0
20191225,2.0,5.0,42.0,10.2,5.7,2.4,0.2,102320.0,0.0
20191226,7.0,0.1,14.0,8.3,5.8,1.5,2.6,101650.0,0.0
20191227,8.0,0.0,12.0,9.6,7.5,6.6,0.0,102880.0,0.0
20191228,8.0,0.0,12.0,9.9,8.1,6.6,0.0,103630.0,0.0
20191229,6.0,2.2,29.0,11.5,8.7,7.4,0.0,103360.0,0.0
20191230,0.0,3.6,37.0,9.3,6.5,1.5,0.0,102970.0,0.0
20191231,7.0,0.0,13.0,9.4,7.1,4.9,0.0,103160.0,0.0
